afile	alang	akorp	astatus	sentlength	ppron	possdet	indef	cconj	whconj	relativ	pied	correl	copula	attrib	pasttense	lexdens	lexTTR	mquantif	mpred	finites	infs	pverbals	deverbals	bypassives	longpassives	sconj	addit	advers	caus	tempseq	epist	but	comp	sup	neg	numcls	simple	demdets	nnargs	mhd	mdd	acl	aux	aux:pass	ccomp	nsubj:pass	parataxis	xcomp	L1
ep-01-10-02	en	nonnatives	NN_France	17.0	0.09803921568627451	0.049019607843137254	0.0	0.6666666666666666	0.0	0.3333333333333333	0.16666666666666666	0.0	0.0	0.16666666666666666	0.8333333333333334	0.3627450980392157	1.0	0.0	0.3333333333333333	0.7647058823529411	0.23529411764705882	0.058823529411764705	0.058823529411764705	0.0	0.3333333333333333	0.16666666666666666	0.16666666666666666	0.0	0.0	0.0	0.0	0.16666666666666666	0.0	0.0	0.16666666666666666	1.1666666666666667	0.5	0.0196078431372549	0.47368421052631576	3.2156394330307374	1.3219682893595939	0.03333333333333333	0.3444444444444444	0.06666666666666667	0.18055555555555555	0.06666666666666667	0.0	0.14166666666666666	fr
ep-02-01-16	en	nonnatives	NN_France	18.666666666666668	0.08928571428571429	0.017857142857142856	0.0	0.6666666666666666	0.0	0.6666666666666666	0.0	0.0	0.6666666666666666	1.0	0.0	0.39285714285714285	1.0	0.0	0.6666666666666666	0.8571428571428571	0.0	0.14285714285714285	0.0	0.0	0.0	0.6666666666666666	0.0	0.0	0.3333333333333333	0.0	0.0	0.0	0.25	0.125	0.6666666666666666	2.0	0.3333333333333333	0.017857142857142856	0.36363636363636365	2.9616013071895426	1.6928104575163399	0.0	0.2222222222222222	0.0	0.0	0.0	0.0	0.4444444444444444	fr
ep-02-02-27	en	nonnatives	NN_France	25.0	0.08	0.02	0.02	0.5	0.0	0.5	0.0	0.0	0.0	1.5	1.0	0.32	1.0	0.0	0.5	0.625	0.375	0.0	0.125	0.0	0.5	1.0	0.0	0.0	0.0	0.0	0.0	0.0	0.0	0.0	0.0	1.5	0.5	0.02	0.14285714285714285	3.4121621621621623	1.295045045045045	0.0	0.21428571428571427	0.07142857142857142	0.14285714285714285	0.07142857142857142	0.0	0.0	fr
ep-03-09-02	en	nonnatives	NN_France	22.8	0.05263157894736842	0.03508771929824561	0.0	0.8	0.2	0.4	0.0	0.0	0.2	1.0	2.0	0.43859649122807015	1.0	0.0	0.2	0.9230769230769231	0.07692307692307693	0.07692307692307693	0.07692307692307693	0.0	1.0	0.0	0.0	0.2	0.4	0.0	0.0	0.2	0.0	0.0	0.4	1.2	0.2	0.0	0.45454545454545453	3.289323671497585	1.5051207729468596	0.02857142857142857	0.24	0.1657142857142857	0.0	0.1657142857142857	0.0	0.2	fr
ep-03-11-05	en	nonnatives	NN_France	15.75	0.12698412698412698	0.0	0.0	0.5	0.0	0.0	0.0	0.0	0.0	0.5	1.25	0.2857142857142857	1.0	0.0	0.5	0.875	0.125	0.0	0.125	0.25	0.0	0.25	0.25	0.0	0.0	0.0	0.0	0.0	0.0	0.2	0.25	0.5	0.5	0.015873015873015872	0.25	3.121031746031746	1.2256944444444444	0.0	0.6041666666666666	0.125	0.0625	0.125	0.0	0.08333333333333333	fr
ep-04-01-14	en	nonnatives	NN_France	15.0	0.08888888888888889	0.022222222222222223	0.011111111111111112	0.3333333333333333	0.0	0.5	0.0	0.0	0.16666666666666666	1.0	0.6666666666666666	0.4222222222222222	1.0	0.0	0.16666666666666666	0.9166666666666666	0.08333333333333333	0.0	0.16666666666666666	0.0	0.16666666666666666	0.16666666666666666	0.0	0.16666666666666666	0.0	0.0	0.5	0.0	0.0	0.0	0.16666666666666666	0.8333333333333334	0.5	0.011111111111111112	0.3125	3.531442577030812	1.2763713818860878	0.16666666666666666	0.4166666666666667	0.08333333333333333	0.08333333333333333	0.08333333333333333	0.0	0.0	fr
ep-04-01-28	en	nonnatives	NN_France	24.253968253968253	0.03599476439790576	0.015052356020942409	0.004581151832460733	0.6031746031746031	0.07936507936507936	0.1746031746031746	0.015873015873015872	0.0	0.6349206349206349	1.492063492063492	1.3492063492063493	0.36714659685863876	0.9756521739130435	0.0	0.38095238095238093	0.8552631578947368	0.20394736842105263	0.1118421052631579	0.19736842105263158	0.0	0.2857142857142857	0.746031746031746	0.12698412698412698	0.047619047619047616	0.031746031746031744	0.07936507936507936	0.14285714285714285	0.031746031746031744	0.05913978494623656	0.016129032258064516	0.20634920634920634	1.3333333333333333	0.23809523809523808	0.014397905759162303	0.6387096774193548	3.546825469175286	1.5461811403280543	0.11696900982615267	0.2880700428319476	0.08783068783068783	0.13815822625346436	0.07857142857142856	0.039304610733182165	0.10823885109599393	fr
ep-04-02-10	en	nonnatives	NN_France	25.0	0.02	0.016	0.0	1.2	0.0	0.2	0.0	0.0	0.6	1.2	0.2	0.36	0.989010989010989	0.0	0.4	0.6363636363636364	0.18181818181818182	0.09090909090909091	0.36363636363636365	0.0	0.0	0.7	0.3	0.1	0.1	0.1	0.0	0.0	0.03225806451612903	0.0967741935483871	0.0	1.1	0.3	0.008	0.7083333333333334	3.371555442751263	1.4752550214663216	0.05	0.6333333333333333	0.0	0.03333333333333333	0.0	0.0	0.08333333333333333	fr
ep-04-03-10	en	nonnatives	NN_France	25.024213075060533	0.0328011611030479	0.008998548621190131	0.0011611030478955006	0.7070217917675545	0.05084745762711865	0.25907990314769974	0.03389830508474576	0.0	0.5569007263922519	1.728813559322034	1.11864406779661	0.37590711175616837	0.9604449938195303	0.0	0.24213075060532688	0.8713389121338913	0.15690376569037656	0.1192468619246862	0.2688284518828452	0.04600484261501211	0.27602905569007263	0.5714285714285714	0.2009685230024213	0.06537530266343826	0.029055690072639227	0.09685230024213075	0.07263922518159806	0.024213075060532687	0.033255993812838364	0.02088167053364269	0.19128329297820823	1.2905569007263922	0.3026634382566586	0.011804547653604258	0.6119257086999023	3.60908634019735	1.5696026361469342	0.14229313194204235	0.3153205349936585	0.08115223490526154	0.0854241131480841	0.07028998039893923	0.016167992620777123	0.11501787155540183	fr
ep-04-03-30	en	nonnatives	NN_France	24.93913043478261	0.01882845188284519	0.010111576011157601	0.0003486750348675035	0.8608695652173913	0.017391304347826087	0.21739130434782608	0.017391304347826087	0.0	0.4	1.8	0.9217391304347826	0.37587168758716877	0.9773345421577516	0.0	0.30434782608695654	0.6704545454545454	0.20075757575757575	0.13636363636363635	0.29924242424242425	0.008695652173913044	0.24347826086956523	0.4	0.10434782608695652	0.034782608695652174	0.043478260869565216	0.0782608695652174	0.02608695652173913	0.034782608695652174	0.03184713375796178	0.012738853503184714	0.08695652173913043	1.173913043478261	0.2608695652173913	0.011854951185495118	0.7112970711297071	3.796747666011788	1.4776359518448008	0.18550724637681162	0.33717391304347827	0.08507246376811592	0.023550724637681156	0.06695652173913043	0.002898550724637681	0.11623188405797102	fr
ep-04-03-31	en	nonnatives	NN_France	26.96969696969697	0.03056179775280899	0.006292134831460674	0.0011235955056179776	0.7757575757575758	0.030303030303030304	0.22424242424242424	0.03636363636363636	0.0	0.503030303030303	1.9878787878787878	1.0909090909090908	0.3858426966292135	0.9619047619047619	0.0	0.2787878787878788	0.7446808510638298	0.18912529550827423	0.15130023640661938	0.3475177304964539	0.04242424242424243	0.2606060606060606	0.5454545454545454	0.23636363636363636	0.06060606060606061	0.048484848484848485	0.024242424242424242	0.06060606060606061	0.048484848484848485	0.0425531914893617	0.025145067698259187	0.12121212121212122	1.3818181818181818	0.3212121212121212	0.014382022471910113	0.6274038461538461	3.8175888948578067	1.6204192586611377	0.19913026367571823	0.2136763741309196	0.08234028597664961	0.07003935458480913	0.07678473042109406	0.014940312213039486	0.08854322445231537	fr
ep-04-04-20	en	nonnatives	NN_France	29.774193548387096	0.024918743228602384	0.015167930660888408	0.0	0.8709677419354839	0.0	0.4838709677419355	0.0967741935483871	0.0	0.41935483870967744	2.193548387096774	0.5806451612903226	0.4420368364030336	0.9784172661870504	0.0	0.1935483870967742	0.5648148148148148	0.24074074074074073	0.09259259259259259	0.32407407407407407	0.0	0.16129032258064516	0.7096774193548387	0.2903225806451613	0.0967741935483871	0.06451612903225806	0.12903225806451613	0.06451612903225806	0.0	0.02654867256637168	0.035398230088495575	0.03225806451612903	2.032258064516129	0.03225806451612903	0.00866738894907909	0.6339285714285714	4.378829610867336	1.4710771310485837	0.31482334869431644	0.36966205837173577	0.03955453149001536	0.03525345622119815	0.028801843317972347	0.01075268817204301	0.13663594470046084	fr
ep-04-04-21	en	nonnatives	NN_France	25.984615384615385	0.03078744819419775	0.023090586145648313	0.0011841326228537595	0.8923076923076924	0.0	0.24615384615384617	0.03076923076923077	0.0	0.6	1.7076923076923076	0.9538461538461539	0.33806986382474835	0.964527027027027	0.0	0.13846153846153847	0.8723404255319149	0.1702127659574468	0.1276595744680851	0.28368794326241137	0.015384615384615385	0.2153846153846154	0.47692307692307695	0.09230769230769231	0.03076923076923077	0.0	0.07692307692307693	0.07692307692307693	0.03076923076923077	0.030303030303030304	0.020202020202020204	0.03076923076923077	1.0615384615384615	0.35384615384615387	0.009473060982830076	0.6050955414012739	3.6304036328414564	1.510101919868776	0.13487179487179488	0.32655677655677656	0.05860805860805861	0.09542124542124543	0.05553113553113553	0.03128205128205128	0.09772893772893773	fr
ep-04-05-04	en	nonnatives	NN_France	25.889705882352942	0.03890940073842658	0.01732462368645271	0.0008520306731042318	0.6838235294117647	0.03676470588235294	0.39705882352941174	0.07352941176470588	0.0	0.5073529411764706	1.963235294117647	1.0294117647058822	0.3709173530247089	0.9724497393894267	0.0	0.3161764705882353	0.7819767441860465	0.18895348837209303	0.09883720930232558	0.23255813953488372	0.014705882352941176	0.14705882352941177	0.5882352941176471	0.058823529411764705	0.07352941176470588	0.029411764705882353	0.08823529411764706	0.08823529411764706	0.029411764705882353	0.05639913232104121	0.03036876355748373	0.11029411764705882	1.5147058823529411	0.25	0.014484521442771939	0.5555555555555556	3.760844193445435	1.5709141394429913	0.14074754901960784	0.3398371848739496	0.04019607843137255	0.07869397759103641	0.03406862745098039	0.02941176470588235	0.15322128851540615	fr
ep-04-09-15	en	nonnatives	NN_France	14.5	0.13793103448275862	0.0	0.0	0.0	0.0	0.0	0.0	0.0	0.0	0.0	0.5	0.27586206896551724	1.0	0.0	0.5	0.6	0.2	0.0	0.2	0.0	0.0	0.0	0.0	0.0	0.0	0.0	0.0	0.0	0.0	0.5	0.0	1.5	0.0	0.0	0.16666666666666666	2.892857142857143	1.0267857142857144	0.0	0.3333333333333333	0.0	0.0	0.0	0.5	0.16666666666666666	fr
ep-05-02-22	en	nonnatives	NN_France	26.666666666666668	0.0375	0.0125	0.0	0.6666666666666666	0.0	0.0	0.0	0.0	0.3333333333333333	1.3333333333333333	0.6666666666666666	0.3375	0.9	0.0	0.0	0.6666666666666666	0.0	0.1111111111111111	0.7777777777777778	0.0	0.0	0.3333333333333333	0.6666666666666666	0.0	0.0	0.0	0.0	0.0	0.0	0.0	0.0	1.3333333333333333	0.3333333333333333	0.0125	0.625	3.343193843193843	1.3715728715728714	0.4444444444444444	0.0	0.0	0.1111111111111111	0.0	0.1111111111111111	0.0	fr
ep-05-12-15	en	nonnatives	NN_France	22.25	0.0449438202247191	0.033707865168539325	0.0056179775280898875	0.125	0.0	0.375	0.0	0.0	0.625	1.5	0.375	0.3539325842696629	0.9264705882352942	0.0	0.375	1.1578947368421053	0.10526315789473684	0.10526315789473684	0.05263157894736842	0.0	0.25	0.25	0.0	0.25	0.0	0.0	0.0	0.0	0.0	0.0	0.875	1.625	0.125	0.016853932584269662	0.5	3.244062186301297	1.5356825709831607	0.0	0.2875	0.07291666666666666	0.0625	0.07291666666666666	0.31666666666666665	0.0625	fr
ep-06-01-19	en	nonnatives	NN_France	22.466666666666665	0.032640949554896145	0.005934718100890208	0.0	0.6	0.3333333333333333	0.4	0.0	0.0	0.6	1.1333333333333333	0.9333333333333333	0.39762611275964393	0.9781021897810219	0.0	0.4666666666666667	1.064516129032258	0.06451612903225806	0.03225806451612903	0.2903225806451613	0.06666666666666667	0.26666666666666666	0.3333333333333333	0.06666666666666667	0.2	0.13333333333333333	0.06666666666666667	0.06666666666666667	0.0	0.0	0.06666666666666667	0.2	1.2666666666666666	0.26666666666666666	0.01483679525222552	0.6216216216216216	3.2562965671299007	1.5861556578223246	0.03333333333333333	0.3634920634920635	0.0857142857142857	0.009523809523809523	0.05238095238095238	0.03333333333333333	0.08888888888888888	fr
ep-06-04-06	en	nonnatives	NN_France	18.272727272727273	0.08955223880597014	0.01990049751243781	0.004975124378109453	0.7272727272727273	0.36363636363636365	0.0	0.0	0.0	0.5454545454545454	1.0	0.5454545454545454	0.4079601990049751	0.9318181818181818	0.0	0.18181818181818182	1.1363636363636365	0.045454545454545456	0.0	0.0	0.0	0.09090909090909091	0.18181818181818182	0.0	0.09090909090909091	0.0	0.0	0.0	0.09090909090909091	0.02564102564102564	0.0	0.36363636363636365	0.9090909090909091	0.6363636363636364	0.01990049751243781	0.45161290322580644	2.9119499926040944	1.4671713172267495	0.0	0.4772727272727273	0.045454545454545456	0.11363636363636363	0.045454545454545456	0.09090909090909091	0.045454545454545456	fr
ep-06-05-16	en	nonnatives	NN_France	18.642857142857142	0.06513409961685823	0.011494252873563218	0.0	0.5	0.0	0.5714285714285714	0.0	0.0	0.42857142857142855	0.9285714285714286	0.42857142857142855	0.36015325670498083	0.9690721649484536	0.0	0.6428571428571429	0.8333333333333334	0.2222222222222222	0.0	0.08333333333333333	0.0	0.0	0.5714285714285714	0.0	0.0	0.21428571428571427	0.0	0.07142857142857142	0.14285714285714285	0.19047619047619047	0.0	0.42857142857142855	1.5714285714285714	0.14285714285714285	0.007662835249042145	0.43902439024390244	3.4840535370164467	1.3165769563190597	0.023809523809523808	0.5357142857142857	0.0	0.03571428571428571	0.0	0.08333333333333334	0.24999999999999997	fr
ep-08-03-13-009-01	en	nonnatives	NN_France	5.0	0	0	0	0	0	0	0	0	0	0	0	0	0	0	0	0	0	0	0	0	0	0	0	0	0	0	0	0	0	0	0	0	0	0	0	0	0	0.0	0.0	0.0	0.0	0.0	0.0	0.0	fr
ep-08-05-07-011	en	nonnatives	NN_France	6.0	0	0	0	0	0	0	0	0	0	0	0	0	0	0	0	0	0	0	0	0	0	0	0	0	0	0	0	0	0	0	0	0	0	0	0	0	0	0.0	1.0	0.0	0.0	0.0	0.0	0.0	fr
ep-09-02-18-019	en	nonnatives	NN_France	18.68888888888889	0.06896551724137931	0.014268727705112961	0.0035671819262782403	0.5333333333333333	0.044444444444444446	0.2222222222222222	0.0	0.0	0.7777777777777778	0.7111111111111111	0.37777777777777777	0.3388822829964328	0.9595959595959596	0.0	0.4	1.1411764705882352	0.09411764705882353	0.03529411764705882	0.03529411764705882	0.044444444444444446	0.06666666666666667	0.3333333333333333	0.06666666666666667	0.044444444444444446	0.1111111111111111	0.08888888888888889	0.06666666666666667	0.13333333333333333	0.056818181818181816	0.0	0.3333333333333333	1.0666666666666667	0.3333333333333333	0.016646848989298454	0.44776119402985076	2.9815249330521967	1.4242605293455912	0.06111111111111111	0.26105820105820104	0.027460317460317463	0.07433862433862433	0.023015873015873014	0.08486772486772486	0.15703703703703703	fr
ep-09-10-08-008	en	nonnatives	NN_France	116.5	0.004291845493562232	0.004291845493562232	0.0	1.0	0.0	3.0	0.5	0.0	1.5	12.5	3.0	0.39914163090128757	0.8857142857142857	0.0	1.5	0.7	0.2	0.2	0.65	0.0	0.5	3.0	0.5	0.0	0.0	0.0	0.0	0.0	0.06896551724137931	0.0	1.0	9.5	0.0	0.0	0.76	6.398882619758822	2.2025113397499725	0.29166666666666663	0.3333333333333333	0.041666666666666664	0.125	0.041666666666666664	0.125	0.041666666666666664	fr
ep-09-10-22-009	en	nonnatives	NN_France	5.0	0	0	0	0	0	0	0	0	0	0	0	0	0	0	0	0	0	0	0	0	0	0	0	0	0	0	0	0	0	0	0	0	0	0	0	0	0	0.0	0.0	0.0	0.0	0.0	0.0	0.0	fr
ep-09-11-24-005	en	nonnatives	NN_France	28.25	0.017699115044247787	0.0	0.0	0.5	0.0	0.25	0.0	0.0	0.5	2.25	1.25	0.36283185840707965	0.9761904761904762	0.0	0.0	0.875	0.125	0.125	0.375	0.0	0.25	0.75	0.0	0.0	0.5	0.0	0.0	0.0	0.0	0.0	0.0	1.75	0.0	0.02654867256637168	0.7	4.182732732732733	1.63045398339516	0.3125	0.0625	0.125	0.0	0.125	0.0	0.125	fr
ep-09-12-16-003	en	nonnatives	NN_France	8.0	0.0	0.0	0.0	0.0	0.0	0.0	0.0	0.0	0.0	0.0	1.0	0.5	1.0	0.0	0.0	0.5	0.0	0.0	0.0	0.0	1.0	0.0	0.0	1.0	0.0	0.0	0.0	0.0	0.0	0.0	0.0	1.0	0.0	0.0	1.0	2.8333333333333335	0.6666666666666666	0.5	0.0	0.5	0.0	0.0	0.0	0.0	fr
ep-10-12-15-006	en	nonnatives	NN_France	39.0	0.10256410256410256	0.0	0.02564102564102564	1.0	0.0	1.0	0.0	0.0	1.0	1.0	2.0	0.3076923076923077	1.0	0.0	0.0	1.0	0.3333333333333333	0.3333333333333333	0.3333333333333333	0.0	1.0	1.0	0.0	0.0	0.0	1.0	0.0	0.0	0.0	0.0	0.0	5.0	0.0	0.05128205128205128	0.16666666666666666	4.258064516129032	2.193548387096774	0.0	0.16666666666666666	0.16666666666666666	0.0	0.16666666666666666	0.3333333333333333	0.16666666666666666	fr
ep-10-12-15-016	en	nonnatives	NN_France	7.0	0.2857142857142857	0.0	0.0	0.0	0.0	0.0	0.0	0.0	0.0	0.0	0.0	0.2857142857142857	1.0	0.0	0.0	1.0	0.0	0.0	0.0	0.0	0.0	0.0	0.0	0.0	0.0	0.0	0.0	0.0	0	0	0.0	0.0	1.0	0.0	0.3333333333333333	2.2	0.6	0.0	1.0	0.0	0.0	0.0	0.0	0.0	fr
ep-10-12-16-005	en	nonnatives	NN_France	7.0	0	0	0	0	0	0	0	0	0	0	0	0	0	0	0	0	0	0	0	0	0	0	0	0	0	0	0	0	0	0	0	0	0	0	0	0	0	1.0	0.0	0.0	0.0	0.0	0.0	0.0	fr
ep-99-09-16	en	nonnatives	NN_France	9.666666666666666	0.0	0.0	0.0	0.3333333333333333	0.0	0.3333333333333333	0.0	0.0	0.3333333333333333	1.0	1.0	0.3103448275862069	0.9	0.0	0.0	0.6666666666666666	0.0	0.0	0.0	0.0	0.0	0.0	0.0	0.0	0.0	0.0	0.0	0.0	0.0	0.0	0.3333333333333333	0.0	1.0	0.034482758620689655	0.6666666666666666	2.5444444444444443	1.1111111111111114	0.0	0.0	0.0	0.0	0.0	0.0	0.0	fr
ep-01-01-18	en	nonnatives	NN_Italy	72.66666666666667	0.01834862385321101	0.0045871559633027525	0.0	2.0	0.0	1.3333333333333333	0.0	0.0	1.3333333333333333	6.0	3.0	0.44954128440366975	0.9702970297029703	0.0	2.3333333333333335	0.6666666666666666	0.16666666666666666	0.16666666666666666	0.3333333333333333	0.3333333333333333	1.3333333333333333	3.6666666666666665	0.3333333333333333	0.0	0.0	0.6666666666666666	0.0	0.0	0.13333333333333333	0.0	0.6666666666666666	6.0	0.0	0.0045871559633027525	0.6666666666666666	6.456498549240485	1.8143881208397339	0.24795321637426895	0.27017543859649124	0.1368421052631579	0.1111111111111111	0.07017543859649122	0.03508771929824561	0.1286549707602339	it
ep-01-05-02	en	nonnatives	NN_Italy	32.75	0.03816793893129771	0.019083969465648856	0.0	2.0	0.0	0.25	0.125	0.0	0.625	2.375	0.5	0.3473282442748092	0.9680851063829787	0.0	0.375	0.8421052631578947	0.2631578947368421	0.10526315789473684	0.10526315789473684	0.0	0.125	0.875	0.0	0.0	0.125	0.125	0.0	0.375	0.10810810810810811	0.0	0.125	1.75	0.5	0.019083969465648856	0.5238095238095238	3.4232389557281797	1.7417225195781232	0.0	0.29910714285714285	0.017857142857142856	0.017857142857142856	0.017857142857142856	0.0	0.14732142857142858	it
ep-01-06-12	en	nonnatives	NN_Italy	36.5	0.0273972602739726	0.0182648401826484	0.0	1.0	0.16666666666666666	0.0	0.0	0.0	0.5	3.3333333333333335	0.8333333333333334	0.4200913242009132	0.968421052631579	0.0	0.16666666666666666	0.4782608695652174	0.2608695652173913	0.043478260869565216	0.30434782608695654	0.0	0.16666666666666666	0.8333333333333334	0.0	0.5	0.0	0.0	0.16666666666666666	0.0	0.0	0.14285714285714285	0.0	2.6666666666666665	0.0	0.0182648401826484	0.7391304347826086	4.522873725736629	1.7027867965367964	0.5416666666666666	0.125	0.041666666666666664	0.027777777777777776	0.041666666666666664	0.0	0.2222222222222222	it
ep-01-07-05	en	nonnatives	NN_Italy	24.11111111111111	0.041474654377880185	0.013824884792626729	0.009216589861751152	0.5555555555555556	0.2222222222222222	0.3333333333333333	0.0	0.0	0.5555555555555556	1.2222222222222223	0.8888888888888888	0.4009216589861751	1.0	0.0	0.1111111111111111	0.64	0.2	0.12	0.4	0.0	0.0	0.4444444444444444	0.1111111111111111	0.0	0.1111111111111111	0.1111111111111111	0.1111111111111111	0.1111111111111111	0.0	0.0	0.1111111111111111	1.6666666666666667	0.3333333333333333	0.02304147465437788	0.48	3.7357785045269	1.6861863443613552	0.2222222222222222	0.35185185185185186	0.0	0.0	0.0	0.0	0.31481481481481477	it
ep-01-09-05	en	nonnatives	NN_Italy	22.0	0.0	0.0	0.0	0.0	0.0	1.0	0.0	0.0	1.0	1.0	0.0	0.36363636363636365	1.0	0.0	1.0	1.0	0.5	0.0	0.5	0.0	0.0	0.0	0.0	0.0	0.0	0.0	0.0	0.0	0.0	0.0	0.0	1.0	0.0	0.09090909090909091	0.6666666666666666	3.6	1.15	0.0	1.0	0.0	0.0	0.0	0.0	0.0	it
ep-01-11-14	en	nonnatives	NN_Italy	11.666666666666666	0.02857142857142857	0.0	0.0	0.0	0.0	0.3333333333333333	0.0	0.0	0.0	0.3333333333333333	0.0	0.2	1.0	0.0	0.0	1.0	0.0	0.0	0.3333333333333333	0.0	0.0	0.3333333333333333	0.0	0.0	0.0	0.0	0.0	0.0	0.0	0.0	1.0	0.0	1.0	0.0	0.5	2.864021164021164	1.0269841269841269	0.0	0.0	0.0	0.3333333333333333	0.0	0.0	0.0	it
ep-02-09-04	en	nonnatives	NN_Italy	31.3	0.01597444089456869	0.009584664536741214	0.003194888178913738	0.6	0.0	0.4	0.0	0.0	0.3	2.8	1.2	0.35782747603833864	0.9256198347107438	0.0	0.0	0.7419354838709677	0.06451612903225806	0.06451612903225806	0.22580645161290322	0.3	0.0	1.0	0.0	0.1	0.0	0.1	0.2	0.0	0.05263157894736842	0.0	0.2	1.6	0.3	0.019169329073482427	0.7142857142857143	4.018704491243191	1.8930228096636768	0.2033333333333333	0.26166666666666666	0.075	0.13999999999999999	0.05	0.02	0.05	it
ep-02-09-25	en	nonnatives	NN_Italy	36.42857142857143	0.027450980392156862	0.011764705882352941	0.00392156862745098	1.1428571428571428	0.0	0.2857142857142857	0.0	0.0	0.42857142857142855	4.0	0.7142857142857143	0.3568627450980392	0.9479166666666666	0.0	0.2857142857142857	0.5454545454545454	0.13636363636363635	0.3181818181818182	0.2727272727272727	0.0	0.14285714285714285	0.2857142857142857	0.14285714285714285	0.0	0.0	0.14285714285714285	0.14285714285714285	0.14285714285714285	0.025	0.0	0.42857142857142855	2.0	0.14285714285714285	0.023529411764705882	0.625	4.107573359376754	1.8879153476572148	0.15714285714285717	0.3380952380952381	0.047619047619047616	0.09523809523809523	0.047619047619047616	0.028571428571428574	0.14285714285714285	it
ep-02-11-06	en	nonnatives	NN_Italy	24.875	0.0678391959798995	0.010050251256281407	0.005025125628140704	0.375	0.125	0.0625	0.0	0.0	0.75	1.1875	0.9375	0.3693467336683417	1.0	0.0	0.5	0.7924528301886793	0.3018867924528302	0.03773584905660377	0.2641509433962264	0.0	0.125	1.1875	0.0625	0.25	0.0	0.125	0.25	0.0625	0.02857142857142857	0.0	0.1875	2.0625	0.1875	0.01256281407035176	0.4666666666666667	3.821061342767677	1.3857439692990665	0.134375	0.33675595238095235	0.03125	0.11086309523809525	0.03125	0.057291666666666664	0.11071428571428571	it
ep-03-01-29	en	nonnatives	NN_Italy	32.09090909090909	0.0226628895184136	0.014164305949008499	0.0	1.4545454545454546	0.0	0.18181818181818182	0.0	0.0	0.6363636363636364	1.8181818181818181	1.1818181818181819	0.3371104815864023	0.9834710743801653	0.0	0.7272727272727273	0.6363636363636364	0.2727272727272727	0.13636363636363635	0.09090909090909091	0.09090909090909091	0.36363636363636365	0.7272727272727273	0.09090909090909091	0.18181818181818182	0.09090909090909091	0.18181818181818182	0.2727272727272727	0.18181818181818182	0.0	0.0	0.36363636363636365	1.6363636363636365	0.36363636363636365	0.019830028328611898	0.675	3.893723870915144	1.7389483786795081	0.07575757575757575	0.5202020202020202	0.1313131313131313	0.18686868686868685	0.0707070707070707	0.0	0.01515151515151515	it
ep-03-11-05	en	nonnatives	NN_Italy	27.0	0.037037037037037035	0.0	0.0	0.6666666666666666	0.0	0.0	0.0	0.0	1.0	2.0	0.6666666666666666	0.38271604938271603	0.9393939393939394	0.0	0.6666666666666666	0.7777777777777778	0.2222222222222222	0.2222222222222222	0.1111111111111111	0.0	0.0	1.6666666666666667	0.3333333333333333	0.0	0.3333333333333333	0.0	0.6666666666666666	0.0	0.0	0.5	0.0	2.0	0.0	0.012345679012345678	0.7777777777777778	3.4363143631436315	1.9949334275951456	0.0	0.5	0.0	0.16666666666666666	0.0	0.0	0.0	it
ep-04-03-09	en	nonnatives	NN_Italy	25.75	0.05825242718446602	0.0	0.0	0.25	0.0	0.75	0.0	0.0	1.0	0.75	0.75	0.3786407766990291	1.0	0.0	0.75	1.0	0.15384615384615385	0.07692307692307693	0.23076923076923078	0.0	0.25	1.0	0.25	0.0	0.0	0.0	0.0	0.25	0.0	0.0	0.25	2.25	0.25	0.019417475728155338	0.3333333333333333	4.009303196803197	1.7881909756909757	0.07142857142857142	0.14285714285714285	0.03571428571428571	0.22619047619047616	0.0	0.16666666666666666	0.10714285714285714	it
ep-04-03-31	en	nonnatives	NN_Italy	28.916666666666668	0.05763688760806916	0.005763688760806916	0.002881844380403458	0.75	0.08333333333333333	0.5	0.08333333333333333	0.0	0.5833333333333334	0.75	0.8333333333333334	0.31988472622478387	0.9736842105263158	0.0	0.3333333333333333	0.8095238095238095	0.19047619047619047	0.023809523809523808	0.07142857142857142	0.0	0.25	1.3333333333333333	0.25	0.0	0.08333333333333333	0.16666666666666666	0.3333333333333333	0.0	0.0	0.07407407407407407	0.5	1.8333333333333333	0.16666666666666666	0.03170028818443804	0.5	4.111059787100472	1.9531381090409337	0.05833333333333333	0.30833333333333335	0.05555555555555555	0.2763888888888889	0.03472222222222222	0.0	0.18333333333333335	it
ep-04-05-04	en	nonnatives	NN_Italy	20.6	0.06407766990291262	0.005825242718446602	0.0	0.96	0.04	0.16	0.04	0.0	0.44	1.24	0.6	0.3766990291262136	0.9797979797979798	0.0	0.44	0.71875	0.234375	0.015625	0.140625	0.0	0.2	0.52	0.12	0.04	0.08	0.12	0.04	0.08	0.0	0.0	0.08	1.36	0.32	0.013592233009708738	0.45714285714285713	3.4634339172429147	1.4545078654132133	0.13333333333333333	0.11766666666666667	0.04633333333333333	0.07733333333333334	0.033	0.02	0.2523333333333333	it
ep-04-10-14	en	nonnatives	NN_Italy	50.0	0.0	0.04	0.0	2.0	0.0	1.0	0.0	0.0	2.0	4.0	1.0	0.38	1.0	0.0	0.0	0.6666666666666666	0.16666666666666666	0.16666666666666666	0.6666666666666666	0.0	0.0	2.0	0.0	0.0	0.0	0.0	1.0	0.0	0.0	0.0	0.0	6.0	0.0	0.0	0.75	6.674418604651163	1.1627906976744187	0.4	0.0	0.0	0.0	0.0	0.2	0.4	it
ep-05-03-10	en	nonnatives	NN_Italy	27.0	0.037037037037037035	0.0	0.0	1.0	0.0	0.0	0.0	0.0	0.0	1.0	0.0	0.37037037037037035	0.9090909090909091	0.0	0.0	0.3333333333333333	0.3333333333333333	0.3333333333333333	0.6666666666666666	0.0	0.0	1.0	0.0	0.0	0.0	0.0	0.0	0.0	0.0	0.0	0.0	2.0	0.0	0.0	0.6666666666666666	3.263157894736842	1.631578947368421	0.0	0.0	0.0	0.0	0.0	0.0	0.0	it
ep-05-09-07	en	nonnatives	NN_Italy	25.0	0.04	0.0	0.0	1.0	0.0	0.0	0.0	0.0	0.5	1.0	1.25	0.4	1.0	0.0	0.5	0.8888888888888888	0.0	0.1111111111111111	0.0	0.0	0.0	0.75	0.0	0.25	1.0	0.0	0.0	0.25	0.4	0.0	0.25	1.0	0.25	0.0	0.6153846153846154	3.328770840143838	1.9281742399476953	0.25	0.325	0.0	0.05	0.0	0.0	0.125	it
ep-06-02-15	en	nonnatives	NN_Italy	25.636363636363637	0.031914893617021274	0.010638297872340425	0.0035460992907801418	0.6363636363636364	0.09090909090909091	0.18181818181818182	0.0	0.0	0.7272727272727273	2.5454545454545454	0.7272727272727273	0.43617021276595747	0.9919354838709677	0.0	0.6363636363636364	0.7096774193548387	0.22580645161290322	0.1935483870967742	0.16129032258064516	0.0	0.09090909090909091	0.7272727272727273	0.09090909090909091	0.09090909090909091	0.0	0.09090909090909091	0.0	0.0	0.06382978723404255	0.0425531914893617	0.36363636363636365	1.9090909090909092	0.18181818181818182	0.010638297872340425	0.625	3.8785946328465504	1.4929327066795097	0.10606060606060605	0.4075757575757576	0.0303030303030303	0.06666666666666667	0.0303030303030303	0.022727272727272728	0.24545454545454548	it
ep-06-03-14	en	nonnatives	NN_Italy	26.5	0.018867924528301886	0.0	0.0	0.5	0.0	0.5	0.0	0.0	1.0	2.5	1.0	0.49056603773584906	1.0	0.0	1.0	1.0	0.25	0.25	0.75	0.0	1.0	1.0	0.0	0.5	0.0	0.0	0.5	0.0	0.0	0.0	0.0	1.5	0.0	0.0	0.5	3.4464285714285716	1.8357142857142856	0.0	0.5833333333333334	0.16666666666666666	0.08333333333333333	0.16666666666666666	0.0	0.0	it
ep-06-05-16	en	nonnatives	NN_Italy	17.2	0.05813953488372093	0.0	0.0	0.6	0.2	0.2	0.0	0.0	0.4	1.0	0.6	0.47674418604651164	1.0	0.0	0.2	1.2222222222222223	0.0	0.0	0.4444444444444444	0.0	0.0	0.4	0.0	0.2	0.2	0.0	0.0	0.0	0.0	0.0	0.2	0.6	0.4	0.023255813953488372	0.625	3.2770334928229667	1.2380701754385965	0.0	0.2	0.0	0.2	0.0	0.0	0.0	it
ep-06-07-06	en	nonnatives	NN_Italy	21.0	0.047619047619047616	0.0	0.0	0.0	0.0	0.0	0.0	0.0	0.0	1.0	1.5	0.30952380952380953	0.9285714285714286	0.0	1.0	0.8333333333333334	0.16666666666666666	0.0	0.0	0.0	1.0	0.0	0.0	0.5	0.0	0.0	0.0	0.0	0.0	0.25	0.0	1.5	0.5	0.0	0.5	3.333333333333333	1.4375	0.0	0.1111111111111111	0.1111111111111111	0.05555555555555555	0.1111111111111111	0.05555555555555555	0.05555555555555555	it
ep-06-11-14-007	en	nonnatives	NN_Italy	20.4	0.058823529411764705	0.0196078431372549	0.0	0.8	0.0	0.3	0.0	0.0	0.5	0.8	0.3	0.36764705882352944	0.9868421052631579	0.0	0.0	0.8076923076923077	0.23076923076923078	0.0	0.07692307692307693	0.0	0.0	0.5	0.0	0.0	0.0	0.0	0.0	0.1	0.0	0.0	0.3	0.9	0.3	0.00980392156862745	0.5483870967741935	3.253362507058159	1.3597873973852237	0.0	0.2583333333333333	0.0	0.325	0.0	0.0	0.21666666666666665	it
ep-06-11-14-012	en	nonnatives	NN_Italy	27.333333333333332	0.024390243902439025	0.0	0.0	1.3333333333333333	0.3333333333333333	0.3333333333333333	0.0	0.0	1.0	1.3333333333333333	1.0	0.3780487804878049	0.9393939393939394	0.0	0.3333333333333333	1.1428571428571428	0.2857142857142857	0.0	0.2857142857142857	0.0	0.6666666666666666	0.6666666666666666	0.0	0.0	0.3333333333333333	0.0	0.0	0.6666666666666666	0.1	0.0	0.0	1.3333333333333333	0.3333333333333333	0.012195121951219513	0.7142857142857143	3.4210526315789473	1.614278752436647	0.0	0.19444444444444442	0.19444444444444442	0.0	0.19444444444444442	0.0	0.08333333333333333	it
ep-07-03-12-022	en	nonnatives	NN_Italy	22.166666666666668	0.06766917293233082	0.015037593984962405	0.0	0.6666666666666666	0.0	0.3333333333333333	0.16666666666666666	0.0	0.3333333333333333	0.5	1.0	0.3533834586466165	0.9791666666666666	0.0	0.16666666666666666	1.1333333333333333	0.0	0.0	0.0	0.0	0.3333333333333333	0.8333333333333334	0.0	0.0	0.0	0.16666666666666666	0.16666666666666666	0.0	0.125	0.0	0.0	0.6666666666666666	0.3333333333333333	0.03007518796992481	0.4	3.460696248196248	1.5452831890331888	0.0	0.15277777777777776	0.125	0.4305555555555556	0.125	0.0	0.0	it
ep-07-06-18-015	en	nonnatives	NN_Italy	24.95	0.06012024048096192	0.014028056112224449	0.008016032064128256	0.85	0.0	0.25	0.05	0.0	0.4	1.4	0.95	0.374749498997996	0.9257425742574258	0.0	0.25	0.8032786885245902	0.19672131147540983	0.04918032786885246	0.11475409836065574	0.0	0.15	0.75	0.1	0.0	0.25	0.2	0.0	0.05	0.0	0.0	0.25	1.7	0.2	0.01603206412825651	0.4411764705882353	3.3837703836035375	1.5479191625906503	0.016666666666666666	0.4064285714285714	0.03916666666666667	0.075	0.026666666666666665	0.06666666666666667	0.26940476190476187	it
ep-07-07-09-016	en	nonnatives	NN_Italy	31.181818181818183	0.061224489795918366	0.014577259475218658	0.0058309037900874635	1.0909090909090908	0.18181818181818182	0.9090909090909091	0.0	0.0	0.8181818181818182	1.9090909090909092	1.0909090909090908	0.4139941690962099	0.9530201342281879	0.0	0.18181818181818182	0.7727272727272727	0.20454545454545456	0.1590909090909091	0.25	0.0	0.09090909090909091	0.8181818181818182	0.2727272727272727	0.0	0.2727272727272727	0.18181818181818182	0.0	0.18181818181818182	0.06976744186046512	0.0	0.09090909090909091	2.6363636363636362	0.0	0.011661807580174927	0.42592592592592593	4.16045921201298	1.4990795241664125	0.1696969696969697	0.2409090909090909	0.022727272727272728	0.06363636363636363	0.022727272727272728	0.0303030303030303	0.35909090909090907	it
ep-08-03-10-021	en	nonnatives	NN_Italy	31.363636363636363	0.05507246376811594	0.005797101449275362	0.0	1.3636363636363635	0.0	0.36363636363636365	0.0	0.0	0.6363636363636364	1.7272727272727273	1.0909090909090908	0.37971014492753624	0.9703703703703703	0.0	0.36363636363636365	0.8285714285714286	0.08571428571428572	0.14285714285714285	0.05714285714285714	0.0	0.09090909090909091	0.8181818181818182	0.2727272727272727	0.18181818181818182	0.36363636363636365	0.0	0.09090909090909091	0.2727272727272727	0.0	0.05405405405405406	0.2727272727272727	1.6363636363636365	0.2727272727272727	0.020289855072463767	0.4772727272727273	3.913834247931051	1.647777615087705	0.23636363636363633	0.5227272727272727	0.045454545454545456	0.1318181818181818	0.045454545454545456	0.0	0.018181818181818184	it
ep-09-02-19-010	en	nonnatives	NN_Italy	21.666666666666668	0.03076923076923077	0.0	0.0	0.6666666666666666	0.0	0.3333333333333333	0.0	0.0	0.3333333333333333	2.3333333333333335	1.0	0.4	0.896551724137931	0.0	0.3333333333333333	0.8333333333333334	0.16666666666666666	0.16666666666666666	0.16666666666666666	0.0	0.0	0.0	0.3333333333333333	0.0	0.3333333333333333	0.0	0.0	0.3333333333333333	0.0	0.0	0.0	1.3333333333333333	0.3333333333333333	0.03076923076923077	0.625	3.032367149758454	1.1309178743961352	0.1111111111111111	0.3333333333333333	0.0	0.0	0.0	0.1111111111111111	0.1111111111111111	it
ep-09-04-02-006	en	nonnatives	NN_Italy	27.8	0.06294964028776978	0.014388489208633094	0.0	1.0	0.05	0.5	0.05	0.0	0.9	1.45	0.7	0.4154676258992806	0.9788135593220338	0.0	0.3	0.7605633802816901	0.19718309859154928	0.11267605633802817	0.2535211267605634	0.0	0.05	0.75	0.15	0.2	0.2	0.15	0.0	0.15	0.06944444444444445	0.0	0.1	2.75	0.1	0.007194244604316547	0.4588235294117647	3.906413621781269	1.4878115898262956	0.1391666666666667	0.2375	0.025	0.1577777777777778	0.025	0.05166666666666666	0.2638888888888889	it
ep-09-12-16-009	en	nonnatives	NN_Italy	27.166666666666668	0.04294478527607362	0.012269938650306749	0.0	0.5	0.08333333333333333	0.3333333333333333	0.0	0.0	0.5833333333333334	1.4166666666666667	0.8333333333333334	0.3558282208588957	0.943089430894309	0.0	0.4166666666666667	0.9310344827586207	0.1724137931034483	0.06896551724137931	0.2413793103448276	0.0	0.25	0.5833333333333334	0.08333333333333333	0.0	0.25	0.16666666666666666	0.16666666666666666	0.0	0.08163265306122448	0.04081632653061224	0.16666666666666666	1.5	0.3333333333333333	0.015337423312883436	0.5405405405405406	3.890741269426614	1.4567117293625913	0.1659090909090909	0.39848484848484844	0.04292929292929293	0.10479797979797979	0.04292929292929293	0.0	0.1616161616161616	it
ep-10-01-19-004	en	nonnatives	NN_Italy	24.071428571428573	0.0712166172106825	0.01483679525222552	0.002967359050445104	0.42857142857142855	0.07142857142857142	0.07142857142857142	0.0	0.0	0.9285714285714286	1.2142857142857142	0.6428571428571429	0.3293768545994065	0.9327731092436975	0.0	0.14285714285714285	0.9736842105263158	0.13157894736842105	0.10526315789473684	0.05263157894736842	0.0	0.0	0.6428571428571429	0.07142857142857142	0.07142857142857142	0.07142857142857142	0.07142857142857142	0.07142857142857142	0.07142857142857142	0.029411764705882353	0.0	0.07142857142857142	1.4285714285714286	0.2857142857142857	0.005934718100890208	0.44680851063829785	3.4556302493802495	1.5491419129811987	0.10714285714285714	0.4404761904761904	0.0	0.17261904761904762	0.0	0.03571428571428571	0.17261904761904762	it
ep-10-03-08-015	en	nonnatives	NN_Italy	28.2	0.0425531914893617	0.010638297872340425	0.0	0.6	0.3	0.9	0.0	0.0	0.8	1.2	0.9	0.3333333333333333	0.9038461538461539	0.0	0.5	0.9	0.13333333333333333	0.13333333333333333	0.03333333333333333	0.0	0.2	0.7	0.1	0.0	0.1	0.0	0.1	0.2	0.04	0.0	0.1	2.2	0.3	0.031914893617021274	0.5952380952380952	3.5228732913827776	1.5661777253060785	0.05833333333333333	0.6071428571428571	0.047619047619047616	0.05	0.03333333333333333	0.025	0.07857142857142857	it
ep-10-04-19-016	en	nonnatives	NN_Italy	33.666666666666664	0.024752475247524754	0.009900990099009901	0.0	1.1666666666666667	0.0	0.3333333333333333	0.0	0.0	0.8333333333333334	2.0	1.3333333333333333	0.3811881188118812	0.9746835443037974	0.0	0.5	0.5	0.3181818181818182	0.3181818181818182	0.2727272727272727	0.0	0.3333333333333333	1.0	0.16666666666666666	0.0	0.16666666666666666	0.3333333333333333	0.0	0.0	0.043478260869565216	0.043478260869565216	0.0	2.5	0.16666666666666666	0.019801980198019802	0.7222222222222222	4.252256668433139	1.5355895811778162	0.15277777777777776	0.4444444444444444	0.06944444444444443	0.05555555555555555	0.06944444444444443	0.027777777777777776	0.18055555555555555	it
ep-10-12-15-016	en	nonnatives	NN_Italy	29.352941176470587	0.018036072144288578	0.004008016032064128	0.002004008016032064	0.7058823529411765	0.058823529411764705	0.35294117647058826	0.0	0.0	0.7058823529411765	2.0588235294117645	1.2941176470588236	0.3907815631262525	0.9898477157360406	0.0	0.11764705882352941	1.2	0.1	0.03333333333333333	0.5	0.11764705882352941	0.5294117647058824	0.29411764705882354	0.058823529411764705	0.29411764705882354	0.0	0.058823529411764705	0.058823529411764705	0.0	0.05	0.03333333333333333	0.29411764705882354	1.0588235294117647	0.23529411764705882	0.02404809619238477	0.6216216216216216	3.54380395652022	1.6806805960841005	0.06722689075630252	0.1907563025210084	0.21680672268907558	0.037815126050420166	0.16680672268907562	0.14411764705882354	0.0	it
ep-11-03-09-011	en	nonnatives	NN_Italy	20.857142857142858	0.03424657534246575	0.0273972602739726	0.0	0.42857142857142855	0.0	0.14285714285714285	0.0	0.0	0.0	1.7142857142857142	0.7142857142857143	0.3493150684931507	0.8947368421052632	0.0	0.14285714285714285	0.8	0.06666666666666667	0.0	0.6666666666666666	0.0	0.2857142857142857	0.42857142857142855	0.0	0.0	0.14285714285714285	0.14285714285714285	0.0	0.0	0.05263157894736842	0.0	0.42857142857142855	0.8571428571428571	0.14285714285714285	0.0410958904109589	0.5333333333333333	3.678698313181072	1.1152261531571876	0.09999999999999999	0.3904761904761905	0.11904761904761904	0.05714285714285715	0.047619047619047616	0.0	0.14285714285714285	it
ep-11-04-07-007	en	nonnatives	NN_Italy	33.75	0.01728395061728395	0.007407407407407408	0.0	0.8333333333333334	0.0	0.16666666666666666	0.0	0.0	0.4166666666666667	3.5	0.9166666666666666	0.39753086419753086	0.9415204678362573	0.0	0.3333333333333333	0.6071428571428571	0.10714285714285714	0.14285714285714285	0.35714285714285715	0.08333333333333333	0.3333333333333333	0.5	0.16666666666666666	0.08333333333333333	0.16666666666666666	0.0	0.0	0.08333333333333333	0.017543859649122806	0.07017543859649122	0.4166666666666667	1.6666666666666667	0.3333333333333333	0.009876543209876543	0.6785714285714286	3.854784190683263	1.582512076081908	0.17500000000000002	0.030555555555555558	0.10277777777777779	0.0	0.027777777777777776	0.030555555555555558	0.13333333333333333	it
ep-11-05-10-019	en	nonnatives	NN_Italy	39.07142857142857	0.027422303473491772	0.02376599634369287	0.0	1.3571428571428572	0.14285714285714285	0.5714285714285714	0.07142857142857142	0.0	0.8571428571428571	2.357142857142857	1.1428571428571428	0.3875685557586837	0.9464285714285714	0.0	0.21428571428571427	0.6785714285714286	0.25	0.16071428571428573	0.23214285714285715	0.0	0.2857142857142857	1.4285714285714286	0.42857142857142855	0.14285714285714285	0.21428571428571427	0.07142857142857142	0.14285714285714285	0.07142857142857142	0.06666666666666667	0.0	0.2857142857142857	3.0	0.14285714285714285	0.010968921389396709	0.6071428571428571	4.5345404160771015	1.644663400689065	0.33758503401360546	0.27755102040816326	0.05782312925170068	0.10782312925170068	0.05187074829931972	0.011904761904761904	0.15544217687074832	it
ep-11-05-11-005-21	en	nonnatives	NN_Italy	25.0	0.02	0.02	0.0	1.0	0.0	0.5	0.0	0.0	0.5	1.5	0.5	0.32	1.0	0.0	0.0	1.1666666666666667	0.0	0.0	0.5	0.0	0.0	1.0	0.0	0.0	0.0	0.0	0.0	0.0	0.0	0.0	0.0	1.0	0.0	0.02	0.8333333333333334	3.4166666666666665	1.4375	0.0	0.0	0.0	0.5	0.0	0.0	0.0	it
ep-11-06-07-006	en	nonnatives	NN_Italy	20.9	0.08133971291866028	0.009569377990430622	0.0	1.1	0.0	0.0	0.0	0.0	0.5	1.0	0.6	0.37320574162679426	0.9873417721518988	0.0	0.1	0.8571428571428571	0.23809523809523808	0.047619047619047616	0.19047619047619047	0.0	0.0	0.2	0.0	0.0	0.1	0.1	0.0	0.2	0.19047619047619047	0.0	0.2	0.5	0.7	0.014354066985645933	0.2962962962962963	3.155046437820051	1.4275602620767538	0.0	0.29166666666666663	0.0	0.125	0.0	0.0	0.18333333333333332	it
ep-11-06-08-007	en	nonnatives	NN_Italy	33.88235294117647	0.019097222222222224	0.008680555555555556	0.0	1.1176470588235294	0.0	0.11764705882352941	0.0	0.0	0.5294117647058824	2.0588235294117645	1.0588235294117647	0.3923611111111111	0.9617021276595744	0.0	0.17647058823529413	0.6363636363636364	0.18181818181818182	0.18181818181818182	0.6363636363636364	0.0	0.17647058823529413	0.5882352941176471	0.29411764705882354	0.11764705882352941	0.17647058823529413	0.058823529411764705	0.17647058823529413	0.11764705882352941	0.09375	0.0625	0.17647058823529413	1.6470588235294117	0.23529411764705882	0.012152777777777778	0.7906976744186046	4.200014155795968	1.759662382233423	0.31092436974789917	0.11624649859943977	0.05392156862745097	0.037815126050420166	0.05392156862745097	0.06722689075630252	0.06582633053221289	it
ep-96-10-22	en	nonnatives	NN_Italy	24.68421052631579	0.06183368869936034	0.010660980810234541	0.0	1.0	0.10526315789473684	0.42105263157894735	0.0	0.0	1.2105263157894737	0.5789473684210527	0.6842105263157895	0.39658848614072495	0.9893617021276596	0.0	0.6842105263157895	1.125	0.25	0.0625	0.125	0.0	0.21052631578947367	0.7368421052631579	0.3684210526315789	0.15789473684210525	0.10526315789473684	0.05263157894736842	0.15789473684210525	0.2631578947368421	0.04918032786885246	0.0	0.3684210526315789	1.7894736842105263	0.21052631578947367	0.0255863539445629	0.45901639344262296	3.4928951896558247	1.6594315330946494	0.007518796992481203	0.4360902255639098	0.05576441102756891	0.07017543859649122	0.05576441102756891	0.039473684210526314	0.17731829573934837	it
ep-96-12-10	en	nonnatives	NN_Italy	32.625	0.04597701149425287	0.007662835249042145	0.0	1.375	0.25	0.25	0.0	0.0	0.125	2.375	2.375	0.3946360153256705	0.9716981132075472	0.0	0.125	0.7058823529411765	0.11764705882352941	0.058823529411764705	0.29411764705882354	0.25	0.375	0.875	0.0	0.0	0.25	0.125	0.125	0.125	0.03333333333333333	0.0	0.5	1.5	0.25	0.019157088122605363	0.5862068965517241	4.03871394554327	2.0738897896737862	0.06597222222222222	0.40624999999999994	0.11805555555555555	0.2013888888888889	0.11805555555555555	0.013888888888888888	0.0763888888888889	it
ep-97-06-10	en	nonnatives	NN_Italy	22.1	0.049773755656108594	0.0	0.00904977375565611	0.4	0.0	0.3	0.0	0.0	0.4	1.2	0.3	0.416289592760181	0.9387755102040817	0.0	0.4	0.75	0.21428571428571427	0.03571428571428571	0.25	0.0	0.2	0.7	0.3	0.0	0.1	0.0	0.4	0.2	0.03333333333333333	0.03333333333333333	0.3	1.9	0.4	0.013574660633484163	0.4666666666666667	3.4671629445822996	1.4421769270156368	0.12	0.395	0.045	0.025	0.045	0.0	0.27	it
ep-97-07-15	en	nonnatives	NN_Italy	20.38095238095238	0.053738317757009345	0.0	0.0	0.5714285714285714	0.0	0.23809523809523808	0.047619047619047616	0.0	0.6666666666666666	1.1904761904761905	0.5238095238095238	0.36682242990654207	0.9751552795031055	0.0	0.5714285714285714	0.9318181818181818	0.1590909090909091	0.06818181818181818	0.13636363636363635	0.0	0.14285714285714285	0.9523809523809523	0.23809523809523808	0.14285714285714285	0.09523809523809523	0.0	0.047619047619047616	0.14285714285714285	0.05555555555555555	0.018518518518518517	0.3333333333333333	1.1428571428571428	0.38095238095238093	0.018691588785046728	0.559322033898305	3.186382971973877	1.3658790512490737	0.07936507936507936	0.3087301587301587	0.04126984126984127	0.15079365079365079	0.04126984126984127	0.009523809523809525	0.08333333333333333	it
ep-97-07-17	en	nonnatives	NN_Italy	38.666666666666664	0.03017241379310345	0.021551724137931036	0.0	0.16666666666666666	0.0	0.3333333333333333	0.0	0.0	0.8333333333333334	2.8333333333333335	0.5	0.41810344827586204	0.97	0.0	0.3333333333333333	0.65	0.4	0.1	0.3	0.0	0.16666666666666666	0.3333333333333333	0.16666666666666666	0.3333333333333333	0.0	0.0	0.3333333333333333	0.0	0.05555555555555555	0.0	0.0	2.8333333333333335	0.16666666666666666	0.008620689655172414	0.6	4.381968605011689	1.5051824879312452	0.06666666666666667	0.4222222222222223	0.016666666666666666	0.016666666666666666	0.016666666666666666	0.16666666666666666	0.29444444444444445	it
ep-97-11-19	en	nonnatives	NN_Italy	22.666666666666668	0.029411764705882353	0.003676470588235294	0.0	0.9166666666666666	0.0	0.0	0.0	0.0	0.25	1.25	0.8333333333333334	0.39338235294117646	0.9907407407407407	0.0	0.3333333333333333	0.72	0.16	0.16	0.44	0.0	0.25	0.3333333333333333	0.3333333333333333	0.0	0.08333333333333333	0.25	0.25	0.0	0.0	0.0	0.08333333333333333	0.75	0.5833333333333334	0.022058823529411766	0.6363636363636364	3.5590029611508793	1.4149316360075899	0.041666666666666664	0.31547619047619047	0.08333333333333333	0.011904761904761904	0.08333333333333333	0.023809523809523808	0.10714285714285714	it
ep-97-11-20	en	nonnatives	NN_Italy	37.733333333333334	0.019434628975265017	0.030035335689045935	0.0	1.6	0.06666666666666667	0.3333333333333333	0.0	0.0	0.4666666666666667	3.6	1.6	0.3957597173144876	0.9655172413793104	0.0	0.4	0.6222222222222222	0.15555555555555556	0.08888888888888889	0.35555555555555557	0.13333333333333333	0.26666666666666666	0.6	0.2	0.0	0.0	0.26666666666666666	0.2	0.2	0.06756756756756757	0.013513513513513514	0.5333333333333333	1.4	0.2	0.012367491166077738	0.6857142857142857	4.32517785016951	1.6299843361804445	0.07619047619047618	0.42433862433862435	0.0671957671957672	0.024338624338624337	0.05767195767195767	0.0	0.0835978835978836	it
ep-98-01-13	en	nonnatives	NN_Italy	46.857142857142854	0.006097560975609756	0.012195121951219513	0.0	2.0	0.2857142857142857	0.14285714285714285	0.0	0.0	0.7142857142857143	5.857142857142857	1.8571428571428572	0.39939024390243905	0.9849624060150376	0.0	0.42857142857142855	0.5	0.25	0.10714285714285714	0.42857142857142855	0.14285714285714285	0.14285714285714285	0.2857142857142857	0.42857142857142855	0.0	0.0	0.0	0.14285714285714285	0.14285714285714285	0.0625	0.041666666666666664	0.42857142857142855	1.7142857142857142	0.42857142857142855	0.006097560975609756	0.7894736842105263	4.00753559155621	1.9528902798232692	0.25510204081632654	0.336734693877551	0.04081632653061224	0.0	0.04081632653061224	0.02040816326530612	0.02040816326530612	it
ep-98-02-18	en	nonnatives	NN_Italy	33.0	0.03896103896103896	0.008658008658008658	0.012987012987012988	1.1428571428571428	0.0	0.14285714285714285	0.0	0.0	0.14285714285714285	2.857142857142857	1.1428571428571428	0.3939393939393939	0.9680851063829787	0.0	0.2857142857142857	0.6	0.24	0.04	0.28	0.0	0.0	0.42857142857142855	0.14285714285714285	0.14285714285714285	0.0	0.0	0.0	0.14285714285714285	0.03333333333333333	0.06666666666666667	0.2857142857142857	2.0	0.2857142857142857	0.021645021645021644	0.5384615384615384	4.151255490541205	1.5576794237508522	0.18367346938775508	0.30612244897959184	0.0	0.09183673469387754	0.0	0.02040816326530612	0.11224489795918367	it
ep-98-03-31	en	nonnatives	NN_Italy	21.52	0.04460966542750929	0.011152416356877323	0.0	0.44	0.04	0.2	0.04	0.0	0.6	1.04	1.32	0.4052044609665427	0.9864253393665159	0.0	0.44	1.0	0.03636363636363636	0.07272727272727272	0.21818181818181817	0.0	0.56	0.68	0.08	0.12	0.24	0.12	0.2	0.12	0.06349206349206349	0.015873015873015872	0.44	1.12	0.44	0.01486988847583643	0.49122807017543857	3.3961496620707528	1.497105690101386	0.05466666666666667	0.29400000000000004	0.15599999999999997	0.08966666666666667	0.11599999999999998	0.04	0.08966666666666667	it
ep-98-05-14	en	nonnatives	NN_Italy	22.0	0.045454545454545456	0.01818181818181818	0.0	0.6	0.0	0.0	0.0	0.0	0.0	1.8	0.6	0.36363636363636365	1.0	0.0	0.0	0.36363636363636365	0.36363636363636365	0.0	0.18181818181818182	0.2	0.0	0.2	0.0	0.2	0.0	0.0	0.2	0.0	0.0	0.08333333333333333	0.4	1.2	0.6	0.01818181818181818	0.5	3.4016835016835016	1.2575517075517075	0.2	0.2	0.06666666666666667	0.0	0.13333333333333333	0.0	0.2	it
ep-98-07-14	en	nonnatives	NN_Italy	22.045454545454547	0.05154639175257732	0.002061855670103093	0.0	0.5	0.045454545454545456	0.18181818181818182	0.0	0.0	0.6818181818181818	0.9545454545454546	0.36363636363636365	0.3402061855670103	0.9375	0.0	0.3181818181818182	0.9787234042553191	0.2127659574468085	0.0851063829787234	0.2127659574468085	0.09090909090909091	0.09090909090909091	0.8181818181818182	0.0	0.045454545454545456	0.045454545454545456	0.2727272727272727	0.18181818181818182	0.18181818181818182	0.046153846153846156	0.015384615384615385	0.4090909090909091	1.1818181818181819	0.45454545454545453	0.02268041237113402	0.48484848484848486	3.246289271777624	1.5934595243481824	0.09848484848484848	0.5507575757575758	0.06439393939393939	0.12424242424242425	0.0	0.01515151515151515	0.05606060606060606	it
ep-99-01-12	en	nonnatives	NN_Italy	18.8125	0.06312292358803986	0.0033222591362126247	0.0	0.5	0.0625	0.3125	0.0	0.0	0.5	1.25	1.0625	0.4318936877076412	0.9848484848484849	0.0	0.1875	0.9411764705882353	0.23529411764705882	0.029411764705882353	0.14705882352941177	0.0	0.1875	0.5625	0.0	0.1875	0.125	0.1875	0.0	0.125	0.045454545454545456	0.022727272727272728	0.3125	1.0625	0.375	0.009966777408637873	0.4888888888888889	3.3438258004000985	1.3192845517301408	0.0	0.5364583333333334	0.057291666666666664	0.010416666666666666	0.057291666666666664	0.0	0.08854166666666667	it
ep-99-02-11	en	nonnatives	NN_Italy	23.875	0.031413612565445025	0.02617801047120419	0.0	0.25	0.0	0.25	0.0	0.0	0.25	1.875	1.125	0.39790575916230364	0.987012987012987	0.0	0.375	0.6521739130434783	0.17391304347826086	0.08695652173913043	0.13043478260869565	0.125	0.25	0.375	0.0	0.125	0.0	0.125	0.0	0.0	0.047619047619047616	0.0	0.375	1.5	0.25	0.015706806282722512	0.625	3.498487103174603	1.2646825396825396	0.15625	0.19791666666666666	0.11458333333333333	0.10416666666666666	0.020833333333333332	0.0	0.28125	it
ep-99-04-14	en	nonnatives	NN_Italy	24.181818181818183	0.045112781954887216	0.018796992481203006	0.0	1.0909090909090908	0.09090909090909091	0.2727272727272727	0.0	0.0	0.45454545454545453	1.1818181818181819	1.2727272727272727	0.37593984962406013	0.9900990099009901	0.0	0.36363636363636365	0.8666666666666667	0.06666666666666667	0.13333333333333333	0.26666666666666666	0.09090909090909091	0.0	0.5454545454545454	0.09090909090909091	0.09090909090909091	0.0	0.0	0.18181818181818182	0.2727272727272727	0.0	0.0	0.45454545454545453	1.1818181818181819	0.36363636363636365	0.015037593984962405	0.6	3.470265791069093	1.4190018479544173	0.018181818181818184	0.5227272727272727	0.018181818181818184	0.09393939393939393	0.018181818181818184	0.0	0.14696969696969697	it
ep-99-09-15	en	nonnatives	NN_Italy	50.166666666666664	0.016611295681063124	0.013289036544850499	0.0033222591362126247	2.5	0.16666666666666666	0.16666666666666666	0.0	0.0	0.3333333333333333	4.5	1.6666666666666667	0.3687707641196013	0.9910714285714286	0.0	0.3333333333333333	0.3793103448275862	0.20689655172413793	0.2413793103448276	0.034482758620689655	0.0	0.16666666666666666	0.5	0.0	0.0	0.16666666666666666	0.16666666666666666	0.0	0.16666666666666666	0.0	0.027777777777777776	0.3333333333333333	3.1666666666666665	0.16666666666666666	0.013289036544850499	0.7083333333333334	4.805853417893599	1.7509765303341986	0.39999999999999997	0.11666666666666665	0.08333333333333333	0.08333333333333333	0.08333333333333333	0.03333333333333333	0.19999999999999998	it
ep-99-10-07	en	nonnatives	NN_Italy	33.2	0.018072289156626505	0.018072289156626505	0.006024096385542169	1.0	0.2	0.0	0.0	0.0	0.0	2.4	1.4	0.40963855421686746	1.0	0.0	0.2	0.5625	0.1875	0.1875	0.3125	0.0	0.0	0.4	0.0	0.0	0.0	0.4	0.2	0.0	0.0	0.1	0.0	2.2	0.0	0.024096385542168676	0.75	3.911921855921856	1.7507716727716727	0.3	0.5	0.0	0.0	0.0	0.0	0.2	it
ep-00-01-19	en	nonnatives	NN_Spain	18.875	0.039735099337748346	0.0	0.0	0.125	0.0	0.25	0.0	0.0	0.5	2.0	0.625	0.46357615894039733	0.9859154929577465	0.0	0.375	1.1538461538461537	0.07692307692307693	0.0	0.38461538461538464	0.0	0.25	0.625	0.0	0.125	0.0	0.0	0.25	0.0	0.10714285714285714	0.0	0.25	0.625	0.375	0.019867549668874173	0.5882352941176471	3.0277478734715575	1.5429193248272195	0.0	0.65	0.06666666666666667	0.09166666666666667	0.06666666666666667	0.125	0.0	es
ep-00-02-17	en	nonnatives	NN_Spain	19.0	0.03508771929824561	0.008771929824561403	0.0	0.0	0.0	0.16666666666666666	0.0	0.0	0.5	1.0	0.6666666666666666	0.3333333333333333	1.0	0.0	0.16666666666666666	0.9090909090909091	0.2727272727272727	0.09090909090909091	0.09090909090909091	0.0	0.16666666666666666	0.5	0.0	0.0	0.16666666666666666	0.0	0.0	0.0	0.0	0.16666666666666666	0.3333333333333333	1.1666666666666667	0.3333333333333333	0.05263157894736842	0.6666666666666666	3.0516512802680187	1.520545827662364	0.125	0.38888888888888884	0.05555555555555555	0.041666666666666664	0.05555555555555555	0.16666666666666666	0.16666666666666666	es
ep-00-03-01	en	nonnatives	NN_Spain	27.09090909090909	0.020134228187919462	0.013422818791946308	0.003355704697986577	0.7272727272727273	0.0	0.0	0.0	0.0	0.18181818181818182	2.727272727272727	2.0	0.3859060402684564	0.9504132231404959	0.0	0.18181818181818182	0.76	0.16	0.12	0.32	0.0	0.45454545454545453	0.7272727272727273	0.0	0.09090909090909091	0.0	0.36363636363636365	0.09090909090909091	0.0	0.0	0.0	0.09090909090909091	1.0909090909090908	0.2727272727272727	0.006711409395973154	0.782608695652174	3.6405784585540406	1.7663232473015804	0.18181818181818182	0.3136363636363636	0.11212121212121212	0.0303030303030303	0.11212121212121212	0.022727272727272728	0.045454545454545456	es
ep-00-03-16	en	nonnatives	NN_Spain	53.75	0.009302325581395349	0.0	0.0	1.75	0.0	0.0	0.0	0.0	0.25	6.25	3.25	0.4325581395348837	0.9587628865979382	0.0	0.5	0.7	0.1	0.15	0.4	0.0	0.75	2.25	0.25	0.0	0.75	0.75	0.0	0.0	0.058823529411764705	0.0	1.0	2.75	0.0	0.018604651162790697	0.9	4.572916666666666	2.051569264069264	0.1875	0.35416666666666663	0.10416666666666666	0.15625	0.07291666666666666	0.0	0.125	es
ep-00-04-13	en	nonnatives	NN_Spain	21.428571428571427	0.02666666666666667	0.006666666666666667	0.0	0.14285714285714285	0.0	0.2857142857142857	0.0	0.0	0.7142857142857143	2.0	0.5714285714285714	0.44	0.9850746268656716	0.0	0.42857142857142855	1.0	0.15384615384615385	0.07692307692307693	0.38461538461538464	0.14285714285714285	0.0	0.42857142857142855	0.0	0.0	0.0	0.2857142857142857	0.0	0.0	0.08695652173913043	0.0	0.14285714285714285	1.2857142857142858	0.42857142857142855	0.04666666666666667	0.7647058823529411	3.5349600709849156	1.2392339544513458	0.028571428571428574	0.24285714285714285	0.028571428571428574	0.0	0.0	0.028571428571428574	0.09999999999999999	es
ep-00-05-03	en	nonnatives	NN_Spain	23.0	0.021739130434782608	0.0	0.0	0.5	0.0	0.0	0.0	0.0	0.625	2.125	1.625	0.3804347826086957	0.9722222222222222	0.0	0.0	0.9285714285714286	0.14285714285714285	0.14285714285714285	0.35714285714285715	0.0	0.375	0.5	0.0	0.0	0.0	0.0	0.0	0.0	0.0	0.0	0.125	0.75	0.375	0.010869565217391304	0.9090909090909091	3.4725263015871	1.5338265334181849	0.0625	0.0	0.13541666666666666	0.041666666666666664	0.13541666666666666	0.0	0.125	es
ep-00-05-17	en	nonnatives	NN_Spain	25.333333333333332	0.02631578947368421	0.006578947368421052	0.0	0.3333333333333333	0.0	0.16666666666666666	0.0	0.0	0.3333333333333333	2.1666666666666665	0.6666666666666666	0.4276315789473684	1.0	0.0	0.0	0.8333333333333334	0.25	0.08333333333333333	0.25	0.0	0.16666666666666666	0.5	0.0	0.0	0.0	0.0	0.3333333333333333	0.0	0.0	0.13043478260869565	0.5	1.1666666666666667	0.5	0.02631578947368421	0.8333333333333334	3.4679228179228176	1.5450120866787531	0.2222222222222222	0.1111111111111111	0.05555555555555555	0.05555555555555555	0.05555555555555555	0.0	0.0	es
ep-00-09-04	en	nonnatives	NN_Spain	16.571428571428573	0.02586206896551724	0.008620689655172414	0.008620689655172414	0.14285714285714285	0.0	0.0	0.0	0.0	0.42857142857142855	1.2857142857142858	0.42857142857142855	0.3879310344827586	0.9782608695652174	0.0	0.2857142857142857	1.1111111111111112	0.0	0.1111111111111111	0.4444444444444444	0.0	0.14285714285714285	0.5714285714285714	0.14285714285714285	0.2857142857142857	0.14285714285714285	0.0	0.0	0.0	0.05555555555555555	0.0	0.2857142857142857	0.7142857142857143	0.7142857142857143	0.008620689655172414	0.6153846153846154	2.9807456432456436	1.3757256632256631	0.028571428571428574	0.17142857142857143	0.028571428571428574	0.0	0.028571428571428574	0.0	0.028571428571428574	es
ep-00-09-05	en	nonnatives	NN_Spain	19.571428571428573	0.06569343065693431	0.014598540145985401	0.0	0.2857142857142857	0.0	0.7142857142857143	0.0	0.0	0.7142857142857143	0.42857142857142855	1.4285714285714286	0.291970802919708	0.975609756097561	0.0	0.5714285714285714	1.125	0.1875	0.0	0.125	0.0	0.2857142857142857	0.42857142857142855	0.0	0.14285714285714285	0.0	0.0	0.14285714285714285	0.14285714285714285	0.0	0.14285714285714285	0.2857142857142857	1.2857142857142858	0.2857142857142857	0.0072992700729927005	0.36363636363636365	3.114432220256524	1.5579030296329057	0.028571428571428574	0.38571428571428573	0.09999999999999999	0.1357142857142857	0.028571428571428574	0.03571428571428571	0.14285714285714285	es
ep-00-09-06	en	nonnatives	NN_Spain	14.76923076923077	0.10416666666666667	0.0	0.005208333333333333	0.07692307692307693	0.07692307692307693	0.38461538461538464	0.0	0.0	0.46153846153846156	0.3076923076923077	1.6923076923076923	0.359375	0.9857142857142858	0.0	0.23076923076923078	1.0	0.14814814814814814	0.07407407407407407	0.1111111111111111	0.0	0.15384615384615385	0.6153846153846154	0.07692307692307693	0.15384615384615385	0.23076923076923078	0.0	0.15384615384615385	0.0	0.0	0.0	0.6153846153846154	1.0769230769230769	0.3076923076923077	0.005208333333333333	0.26666666666666666	2.7048317281009586	1.262694031709869	0.038461538461538464	0.47692307692307695	0.02820512820512821	0.06666666666666667	0.02820512820512821	0.13076923076923078	0.07692307692307691	es
ep-00-09-21	en	nonnatives	NN_Spain	22.142857142857142	0.03870967741935484	0.012903225806451613	0.0032258064516129032	0.42857142857142855	0.07142857142857142	0.35714285714285715	0.0	0.0	0.5714285714285714	1.4285714285714286	1.2142857142857142	0.36129032258064514	0.9333333333333333	0.0	0.14285714285714285	1.0	0.07142857142857142	0.10714285714285714	0.03571428571428571	0.2857142857142857	0.21428571428571427	0.5	0.07142857142857142	0.0	0.07142857142857142	0.07142857142857142	0.14285714285714285	0.0	0.12195121951219512	0.024390243902439025	0.2857142857142857	1.2142857142857142	0.35714285714285715	0.012903225806451613	0.4642857142857143	3.3779363482625047	1.4882204881152128	0.03214285714285715	0.22781385281385283	0.10876623376623375	0.055952380952380955	0.09090909090909091	0.09155844155844155	0.10714285714285714	es
ep-01-01-18	en	nonnatives	NN_Spain	23.6	0.01694915254237288	0.00847457627118644	0.0	0.2	0.0	0.0	0.0	0.0	0.2	2.4	1.2	0.4067796610169492	1.0	0.0	0.0	0.6666666666666666	0.3333333333333333	0.0	0.1111111111111111	0.0	0.6	0.6	0.2	0.2	0.0	0.2	0.2	0.0	0.0	0.17647058823529413	0.2	1.0	0.4	0.01694915254237288	0.6666666666666666	3.1944848484848483	1.3694545454545453	0.2	0.2	0.2	0.0	0.2	0.0	0.0	es
ep-01-01-31	en	nonnatives	NN_Spain	8.0	0	0	0	0	0	0	0	0	0	0	0	0	0	0	0	0	0	0	0	0	0	0	0	0	0	0	0	0	0	0	0	0	0	0	0	0	0	0.0	0.0	0.0	0.0	0.0	0.0	0.0	es
ep-01-02-13	en	nonnatives	NN_Spain	33.8	0.029585798816568046	0.0	0.0	0.4	0.2	0.0	0.0	0.0	0.2	1.8	1.2	0.378698224852071	0.9846153846153847	0.0	0.8	0.6666666666666666	0.06666666666666667	0.13333333333333333	0.5333333333333333	0.0	0.4	0.8	0.2	0.0	0.0	0.2	0.4	0.0	0.0	0.05263157894736842	0.0	1.6	0.0	0.01775147928994083	0.4166666666666667	3.7065776815776816	2.236904761904762	0.1619047619047619	0.22857142857142856	0.06190476190476191	0.06666666666666667	0.11904761904761904	0.06666666666666667	0.09523809523809523	es
ep-01-02-14	en	nonnatives	NN_Spain	22.285714285714285	0.02564102564102564	0.0	0.0	0.2857142857142857	0.07142857142857142	0.21428571428571427	0.07142857142857142	0.0	0.07142857142857142	1.1428571428571428	1.5714285714285714	0.36217948717948717	0.9912280701754386	0.0	0.2857142857142857	0.7878787878787878	0.09090909090909091	0.12121212121212122	0.15151515151515152	0.0	0.5	0.5	0.07142857142857142	0.14285714285714285	0.07142857142857142	0.14285714285714285	0.0	0.0	0.0625	0.0	0.21428571428571427	1.1428571428571428	0.21428571428571427	0.019230769230769232	0.6333333333333333	3.4695977461375134	1.580325639731924	0.20238095238095236	0.2619047619047619	0.11904761904761904	0.06249999999999999	0.10416666666666666	0.0	0.10714285714285714	es
ep-01-02-28	en	nonnatives	NN_Spain	31.4	0.025477707006369428	0.012738853503184714	0.0	0.6	0.4	0.2	0.0	0.0	0.2	2.6	0.6	0.35668789808917195	0.9655172413793104	0.0	0.2	0.6875	0.25	0.0	0.0625	0.0	0.0	0.4	0.0	0.2	0.0	0.2	0.0	0.0	0.0	0.0	0.2	1.6	0.6	0.012738853503184714	0.7368421052631579	3.2890985038353464	1.8189002810055441	0.02857142857142857	0.24761904761904763	0.0	0.16666666666666666	0.0	0.0	0.15714285714285714	es
ep-01-03-12	en	nonnatives	NN_Spain	18.142857142857142	0.05511811023622047	0.007874015748031496	0.0	0.5714285714285714	0.0	0.2857142857142857	0.0	0.0	0.2857142857142857	1.8571428571428572	0.5714285714285714	0.3700787401574803	0.9591836734693877	0.0	0.0	0.9285714285714286	0.21428571428571427	0.07142857142857142	0.07142857142857142	0.0	0.14285714285714285	0.5714285714285714	0.0	0.0	0.0	0.14285714285714285	0.14285714285714285	0.0	0.058823529411764705	0.058823529411764705	0.0	1.1428571428571428	0.5714285714285714	0.007874015748031496	0.4666666666666667	3.261329147043433	1.5716509680795396	0.17857142857142858	0.15476190476190474	0.047619047619047616	0.03571428571428571	0.047619047619047616	0.0	0.10714285714285714	es
ep-01-05-03	en	nonnatives	NN_Spain	29.0	0.034482758620689655	0.0	0.0	0.0	0.0	0.0	0.0	0.0	0.0	1.0	0.0	0.3448275862068966	1.0	0.0	1.0	0.5	0.5	0.0	1.0	0.0	0.0	0.0	0.0	0.0	0.0	0.0	0.0	0.0	0.0	0.0	0.0	1.0	0.0	0.0	0.5	4.538461538461538	1.4615384615384615	0.0	0.5	0.0	0.0	0.0	0.0	0.5	es
ep-01-05-14	en	nonnatives	NN_Spain	15.25	0.04918032786885246	0.01639344262295082	0.0	0.0	0.0	0.25	0.25	0.0	0.75	1.75	0.5	0.39344262295081966	1.0	0.0	0.25	1.5	0.25	0.0	0.75	0.0	0.0	0.25	0.0	0.0	0.25	0.0	0.0	0.0	0.08333333333333333	0.08333333333333333	0.5	0.75	0.5	0.01639344262295082	0.5555555555555556	2.7888888888888888	1.2777777777777777	0.0	0.375	0.0	0.0	0.0	0.0	0.125	es
ep-01-05-30	en	nonnatives	NN_Spain	26.75	0.07476635514018691	0.009345794392523364	0.009345794392523364	0.5	0.25	0.25	0.0	0.0	1.0	1.5	0.0	0.34579439252336447	0.9736842105263158	0.0	0.75	1.2222222222222223	0.3333333333333333	0.0	0.1111111111111111	0.0	0.0	0.75	0.0	0.0	0.0	0.0	0.25	0.0	0.06666666666666667	0.06666666666666667	0.25	2.0	0.0	0.028037383177570093	0.4117647058823529	4.295356515465211	1.4845543948804818	0.0	0.125	0.0	0.125	0.0	0.0	0.25	es
ep-01-05-31	en	nonnatives	NN_Spain	32.57142857142857	0.03508771929824561	0.0043859649122807015	0.0	0.7142857142857143	0.0	0.2857142857142857	0.0	0.0	0.42857142857142855	1.8571428571428572	1.4285714285714286	0.34649122807017546	0.9753086419753086	0.0	0.42857142857142855	0.6363636363636364	0.22727272727272727	0.22727272727272727	0.22727272727272727	0.0	0.2857142857142857	1.2857142857142858	0.2857142857142857	0.0	0.14285714285714285	0.0	0.14285714285714285	0.2857142857142857	0.038461538461538464	0.11538461538461539	0.2857142857142857	2.0	0.0	0.04824561403508772	0.5909090909090909	4.208951172247094	1.663231326872791	0.29761904761904756	0.375	0.03571428571428571	0.08333333333333333	0.16071428571428573	0.0	0.047619047619047616	es
ep-01-06-13	en	nonnatives	NN_Spain	28.555555555555557	0.019455252918287938	0.0	0.0	0.8888888888888888	0.0	0.4444444444444444	0.0	0.0	0.3333333333333333	2.111111111111111	1.2222222222222223	0.3540856031128405	0.978494623655914	0.0	0.2222222222222222	0.8181818181818182	0.045454545454545456	0.18181818181818182	0.4090909090909091	0.0	0.2222222222222222	0.7777777777777778	0.2222222222222222	0.2222222222222222	0.2222222222222222	0.0	0.0	0.1111111111111111	0.0	0.0	0.2222222222222222	1.5555555555555556	0.3333333333333333	0.007782101167315175	0.7142857142857143	3.537029516868343	1.5178205451283675	0.2037037037037037	0.3333333333333333	0.1111111111111111	0.037037037037037035	0.05555555555555555	0.0	0.037037037037037035	es
ep-01-09-03	en	nonnatives	NN_Spain	19.833333333333332	0.03361344537815126	0.01680672268907563	0.008403361344537815	0.5	0.0	1.0	0.0	0.0	0.16666666666666666	1.5	2.5	0.40336134453781514	0.9795918367346939	0.0	0.0	0.9285714285714286	0.0	0.0	0.0	0.16666666666666666	0.5	0.16666666666666666	0.16666666666666666	0.0	0.0	0.16666666666666666	0.0	0.16666666666666666	0.0	0.0	0.0	0.8333333333333334	0.16666666666666666	0.01680672268907563	0.5	3.6158861898335584	1.096221322537112	0.0	0.16666666666666666	0.25	0.16666666666666666	0.16666666666666666	0.0	0.08333333333333333	es
ep-01-09-05	en	nonnatives	NN_Spain	21.363636363636363	0.05531914893617021	0.00851063829787234	0.0	0.2727272727272727	0.0	0.5454545454545454	0.18181818181818182	0.0	0.36363636363636365	1.2727272727272727	1.0	0.3829787234042553	0.989010989010989	0.0	0.18181818181818182	0.9565217391304348	0.17391304347826086	0.0	0.2608695652173913	0.18181818181818182	0.09090909090909091	0.5454545454545454	0.0	0.09090909090909091	0.09090909090909091	0.0	0.09090909090909091	0.09090909090909091	0.07407407407407407	0.07407407407407407	0.18181818181818182	1.1818181818181819	0.2727272727272727	0.01276595744680851	0.59375	3.5324886972152054	1.2822666658571285	0.10227272727272728	0.3522727272727273	0.07954545454545454	0.011363636363636364	0.07954545454545454	0.0	0.10227272727272728	es
ep-01-09-19	en	nonnatives	NN_Spain	29.0	0.054187192118226604	0.0	0.0	0.5714285714285714	0.14285714285714285	0.2857142857142857	0.0	0.0	0.5714285714285714	2.0	0.7142857142857143	0.3793103448275862	0.9746835443037974	0.0	0.5714285714285714	0.7391304347826086	0.13043478260869565	0.13043478260869565	0.21739130434782608	0.0	0.14285714285714285	0.7142857142857143	0.14285714285714285	0.2857142857142857	0.0	0.14285714285714285	0.0	0.14285714285714285	0.0	0.0	0.14285714285714285	2.4285714285714284	0.0	0.019704433497536946	0.5757575757575758	3.5836244887895754	1.5377532230098427	0.11904761904761904	0.45714285714285713	0.028571428571428574	0.07619047619047618	0.028571428571428574	0.12380952380952381	0.16666666666666666	es
ep-01-10-02	en	nonnatives	NN_Spain	27.53846153846154	0.025139664804469275	0.008379888268156424	0.0	0.46153846153846156	0.0	0.07692307692307693	0.0	0.0	0.15384615384615385	2.4615384615384617	1.2307692307692308	0.3743016759776536	1.0	0.0	0.15384615384615385	0.7096774193548387	0.06451612903225806	0.16129032258064516	0.45161290322580644	0.0	0.23076923076923078	0.6153846153846154	0.07692307692307693	0.15384615384615385	0.0	0.07692307692307693	0.07692307692307693	0.0	0.0	0.0	0.38461538461538464	1.0769230769230769	0.3076923076923077	0.019553072625698324	0.6774193548387096	3.594734675348945	1.7111003033217271	0.17948717948717946	0.24358974358974358	0.10256410256410256	0.10256410256410256	0.038461538461538464	0.038461538461538464	0.0641025641025641	es
ep-01-10-25	en	nonnatives	NN_Spain	31.0	0.0	0.0	0.0	1.0	0.0	1.0	0.0	0.0	0.0	3.0	1.5	0.532258064516129	1.0	0.0	0.0	0.4444444444444444	0.2222222222222222	0.0	0.0	0.0	0.0	0.5	0.0	0.5	0.0	0.0	0.0	0.0	0.09090909090909091	0.0	1.0	2.5	0.0	0.0	0.8333333333333334	4.318936877076412	1.2209302325581395	0.375	0.5	0.0	0.0	0.0	0.0	0.125	es
ep-01-11-29	en	nonnatives	NN_Spain	28.5	0.02631578947368421	0.008771929824561403	0.0	0.25	0.0	0.25	0.0	0.0	0.75	2.75	1.5	0.4473684210526316	0.9807692307692307	0.0	0.0	0.8	0.1	0.3	0.1	0.25	0.0	1.0	0.25	0.0	0.0	0.25	0.0	0.0	0.0	0.17391304347826086	0.25	1.25	0.0	0.05263157894736842	0.75	4.148845905386604	1.8736024150268338	0.4583333333333333	0.22916666666666666	0.08333333333333333	0.14583333333333331	0.08333333333333333	0.0	0.0	es
ep-01-12-17	en	nonnatives	NN_Spain	22.333333333333332	0.022388059701492536	0.022388059701492536	0.007462686567164179	0.3333333333333333	0.0	0.16666666666666666	0.0	0.0	0.8333333333333334	0.6666666666666666	0.6666666666666666	0.3656716417910448	1.0	0.0	0.3333333333333333	1.8333333333333333	0.0	0.0	0.5	0.0	0.0	0.6666666666666666	0.3333333333333333	0.3333333333333333	0.0	0.0	0.0	0.3333333333333333	0.25	0.05	0.5	0.8333333333333334	0.3333333333333333	0.0	0.7272727272727273	3.117824074074074	1.5678571428571428	0.16666666666666666	0.3333333333333333	0.0	0.0	0.0	0.0	0.0	es
ep-02-01-16	en	nonnatives	NN_Spain	22.636363636363637	0.04417670682730924	0.024096385542168676	0.004016064257028112	0.18181818181818182	0.0	0.09090909090909091	0.0	0.0	0.36363636363636365	1.7272727272727273	0.7272727272727273	0.3453815261044177	0.9772727272727273	0.0	0.2727272727272727	0.6818181818181818	0.18181818181818182	0.22727272727272727	0.09090909090909091	0.0	0.09090909090909091	0.6363636363636364	0.0	0.09090909090909091	0.18181818181818182	0.0	0.0	0.0	0.06451612903225806	0.0967741935483871	0.0	1.0	0.45454545454545453	0.012048192771084338	0.5416666666666666	3.536123310535591	1.5086351071712498	0.20303030303030303	0.24545454545454548	0.018181818181818184	0.08484848484848485	0.018181818181818184	0.0	0.06666666666666667	es
ep-02-02-06	en	nonnatives	NN_Spain	23.555555555555557	0.018867924528301886	0.009433962264150943	0.0	0.5555555555555556	0.0	0.2222222222222222	0.0	0.0	0.3333333333333333	1.4444444444444444	1.1111111111111112	0.3584905660377358	0.9382716049382716	0.0	0.1111111111111111	0.7647058823529411	0.17647058823529413	0.23529411764705882	0.17647058823529413	0.0	0.3333333333333333	0.3333333333333333	0.0	0.0	0.0	0.2222222222222222	0.0	0.0	0.13636363636363635	0.0	0.2222222222222222	1.2222222222222223	0.3333333333333333	0.018867924528301886	0.7368421052631579	3.4691442816442812	1.365909645909646	0.16666666666666666	0.2037037037037037	0.14814814814814814	0.037037037037037035	0.14814814814814814	0.0	0.07407407407407407	es
ep-02-02-27	en	nonnatives	NN_Spain	30.8	0.025974025974025976	0.025974025974025976	0.0	0.2	0.0	0.2	0.0	0.0	0.0	4.2	1.2	0.461038961038961	0.9861111111111112	0.0	0.8	0.625	0.1875	0.125	0.25	0.0	0.2	0.6	0.0	0.0	0.0	0.0	0.2	0.2	0.04	0.04	0.0	2.0	0.0	0.01948051948051948	0.7619047619047619	4.597863354037267	1.61744099378882	0.39	0.38	0.04	0.05	0.04	0.0	0.1	es
ep-02-02-28	en	nonnatives	NN_Spain	16.6	0.04819277108433735	0.024096385542168676	0.012048192771084338	0.2	0.0	0.2	0.0	0.0	0.6	1.8	0.4	0.39759036144578314	0.9705882352941176	0.0	0.6	1.0	0.2857142857142857	0.2857142857142857	0.0	0.0	0.4	0.6	0.0	0.2	0.0	0.2	0.0	0.0	0.0	0.0	0.4	0.8	0.2	0.024096385542168676	0.36363636363636365	3.18274764451235	1.4165138782785842	0.0	0.16666666666666666	0.23333333333333334	0.03333333333333333	0.03333333333333333	0.0	0.13333333333333333	es
ep-02-03-11	en	nonnatives	NN_Spain	37.333333333333336	0.017857142857142856	0.0	0.0	1.3333333333333333	0.0	0.3333333333333333	0.0	0.0	0.0	2.3333333333333335	0.6666666666666666	0.3392857142857143	1.0	0.0	0.0	0.5454545454545454	0.09090909090909091	0.18181818181818182	0.2727272727272727	0.0	0.0	0.3333333333333333	0.0	0.0	0.0	0.0	0.0	0.0	0.0	0.0	0.0	1.3333333333333333	0.3333333333333333	0.017857142857142856	0.7	3.9101181837030894	1.4125889833437004	0.0	0.0	0.0	0.0	0.0	0.3333333333333333	0.0	es
ep-02-03-20	en	nonnatives	NN_Spain	23.0	0.03985507246376811	0.007246376811594203	0.0	0.16666666666666666	0.08333333333333333	0.3333333333333333	0.08333333333333333	0.0	0.3333333333333333	1.5833333333333333	0.75	0.37318840579710144	0.9903846153846154	0.0	0.5	0.9545454545454546	0.13636363636363635	0.045454545454545456	0.13636363636363635	0.0	0.25	0.5	0.0	0.08333333333333333	0.08333333333333333	0.16666666666666666	0.0	0.0	0.05714285714285714	0.14285714285714285	0.08333333333333333	1.0	0.4166666666666667	0.021739130434782608	0.6333333333333333	3.5578252765752763	1.4701869889369892	0.125	0.46527777777777773	0.09027777777777778	0.041666666666666664	0.048611111111111105	0.0	0.0625	es
ep-02-04-09	en	nonnatives	NN_Spain	20.363636363636363	0.05803571428571429	0.008928571428571428	0.0	0.45454545454545453	0.09090909090909091	0.09090909090909091	0.0	0.0	0.18181818181818182	0.7272727272727273	1.7272727272727273	0.3482142857142857	1.0	0.0	0.18181818181818182	0.8571428571428571	0.07142857142857142	0.10714285714285714	0.10714285714285714	0.18181818181818182	0.2727272727272727	0.5454545454545454	0.18181818181818182	0.0	0.0	0.09090909090909091	0.0	0.09090909090909091	0.0	0.0	0.2727272727272727	0.9090909090909091	0.2727272727272727	0.03571428571428571	0.5185185185185185	3.4266318648671583	1.3572456954809895	0.0303030303030303	0.13636363636363635	0.22727272727272727	0.1212121212121212	0.13636363636363635	0.045454545454545456	0.21212121212121213	es
ep-02-05-15	en	nonnatives	NN_Spain	28.333333333333332	0.01764705882352941	0.011764705882352941	0.0	0.5	0.16666666666666666	0.5	0.0	0.0	0.6666666666666666	3.0	0.3333333333333333	0.4294117647058823	1.0	0.0	0.5	0.75	0.375	0.0	0.25	0.0	0.0	0.16666666666666666	0.3333333333333333	0.0	0.0	0.3333333333333333	0.16666666666666666	0.16666666666666666	0.0	0.07407407407407407	0.16666666666666666	1.6666666666666667	0.16666666666666666	0.01764705882352941	0.7368421052631579	3.7279670655248878	1.508252761499125	0.03333333333333333	0.43333333333333335	0.0	0.0	0.0	0.03333333333333333	0.3333333333333333	es
ep-02-05-16	en	nonnatives	NN_Spain	41.5	0.03614457831325301	0.0	0.012048192771084338	1.0	0.0	0.0	0.0	0.0	0.5	1.5	2.5	0.3614457831325301	0.9090909090909091	0.0	0.5	0.5454545454545454	0.36363636363636365	0.0	0.0	0.0	0.0	3.0	0.5	0.0	0.5	0.0	0.0	0.5	0.375	0.0	0.5	3.0	0.0	0.024096385542168676	0.5	4.04619364375462	1.9767184035476717	0.35	0.3	0.0	0.1	0.0	0.0	0.25	es
ep-02-05-29	en	nonnatives	NN_Spain	30.5	0.0	0.0	0.0	0.5	0.0	0.0	0.0	0.0	0.0	3.5	2.5	0.4098360655737705	1.0	0.0	0.0	1.0	0.0	0.0	0.25	0.5	1.5	0.5	0.0	0.0	0.0	1.0	0.0	0.0	0.0	0.125	0.0	0.5	0.5	0.0	0	3.3589341692789967	2.6183385579937304	0.0	0.125	0.35416666666666663	0.0	0.5208333333333333	0.0	0.0	es
ep-02-05-30	en	nonnatives	NN_Spain	28.5	0.03508771929824561	0.0	0.0	0.0	0.0	1.0	0.0	0.0	0.0	1.5	1.0	0.45614035087719296	1.0	0.0	0.0	0.8571428571428571	0.0	0.0	0.2857142857142857	0.0	0.0	0.5	0.0	0.0	0.5	0.0	0.0	0.0	0.0	0.0	0.0	1.5	0.0	0.07017543859649122	0.5555555555555556	4.861111111111111	1.2094017094017095	0.0	0.25	0.0	0.25	0.0	0.0	0.0	es
ep-02-06-10	en	nonnatives	NN_Spain	25.75	0.05825242718446602	0.0	0.0	0.5	0.25	0.25	0.0	0.0	0.0	2.0	1.5	0.4174757281553398	1.0	0.0	0.25	0.8181818181818182	0.0	0.0	0.09090909090909091	0.0	0.25	0.25	0.0	0.0	0.0	0.0	0.25	0.25	0.0	0.0	0.0	1.0	0.25	0.019417475728155338	0.5	3.5920967741935486	1.4635169669040637	0.0	0.29166666666666663	0.0625	0.08333333333333333	0.0625	0.0	0.0	es
ep-02-06-11	en	nonnatives	NN_Spain	31.333333333333332	0.010638297872340425	0.010638297872340425	0.0	0.3333333333333333	0.0	0.3333333333333333	0.0	0.0	0.3333333333333333	2.3333333333333335	1.3333333333333333	0.30851063829787234	0.9666666666666667	0.0	0.3333333333333333	1.0	0.0	0.2857142857142857	0.2857142857142857	0.3333333333333333	0.0	0.3333333333333333	0.3333333333333333	0.6666666666666666	0.3333333333333333	0.3333333333333333	0.0	0.0	0.0	0.0	0.0	1.6666666666666667	0.0	0.0	0.6	3.891470485790973	2.209846948183662	0.3333333333333333	0.3333333333333333	0.05555555555555555	0.0	0.05555555555555555	0.16666666666666666	0.05555555555555555	es
ep-02-06-12	en	nonnatives	NN_Spain	43.333333333333336	0.03076923076923077	0.0	0.0	0.3333333333333333	0.3333333333333333	0.0	0.0	0.0	2.0	3.6666666666666665	2.0	0.36923076923076925	0.96	0.0	0.6666666666666666	1.25	0.0	0.125	0.25	0.3333333333333333	0.6666666666666666	2.3333333333333335	0.0	0.3333333333333333	0.3333333333333333	0.3333333333333333	0.3333333333333333	0.0	0.05263157894736842	0.0	0.0	3.3333333333333335	0.0	0.007692307692307693	0.6666666666666666	4.301361511887827	2.2901849217638692	0.31746031746031744	0.15873015873015872	0.20634920634920637	0.1111111111111111	0.047619047619047616	0.047619047619047616	0.1111111111111111	es
ep-02-07-02	en	nonnatives	NN_Spain	23.76923076923077	0.022653721682847898	0.022653721682847898	0.003236245954692557	0.6153846153846154	0.07692307692307693	0.07692307692307693	0.0	0.0	0.6153846153846154	2.230769230769231	0.5384615384615384	0.35275080906148865	0.990909090909091	0.0	0.15384615384615385	1.0	0.25	0.05	0.05	0.0	0.07692307692307693	0.46153846153846156	0.0	0.15384615384615385	0.07692307692307693	0.07692307692307693	0.07692307692307693	0.0	0.044444444444444446	0.022222222222222223	0.15384615384615385	1.0769230769230769	0.38461538461538464	0.009708737864077669	0.6666666666666666	3.383494183041695	1.5965933262313354	0.25	0.23717948717948717	0.019230769230769232	0.0	0.019230769230769232	0.038461538461538464	0.1282051282051282	es
ep-02-09-02	en	nonnatives	NN_Spain	24.666666666666668	0.07432432432432433	0.02027027027027027	0.006756756756756757	0.16666666666666666	0.16666666666666666	0.8333333333333334	0.0	0.0	0.8333333333333334	0.5	1.3333333333333333	0.30405405405405406	0.9375	0.0	0.16666666666666666	0.8947368421052632	0.05263157894736842	0.21052631578947367	0.0	0.0	0.16666666666666666	0.6666666666666666	0.0	0.0	0.16666666666666666	0.3333333333333333	0.3333333333333333	0.0	0.0	0.0	0.3333333333333333	2.3333333333333335	0.0	0.033783783783783786	0.3333333333333333	3.656585322235729	1.2933979976662902	0.1111111111111111	0.20833333333333334	0.05555555555555555	0.20833333333333334	0.05555555555555555	0.05555555555555555	0.13888888888888887	es
ep-02-09-04	en	nonnatives	NN_Spain	14.333333333333334	0.11627906976744186	0.023255813953488372	0.0	0.0	0.0	0.0	0.0	0.0	0.3333333333333333	0.0	1.0	0.20930232558139536	1.0	0.0	0.0	1.0	0.2	0.0	0.0	0.0	0.3333333333333333	0.6666666666666666	0.0	0.0	0.6666666666666666	0.0	0.0	0.0	0.0	0.0	0.3333333333333333	0.6666666666666666	0.6666666666666666	0.0	0.16666666666666666	2.9742063492063493	1.5436507936507937	0.0	0.08333333333333333	0.08333333333333333	0.08333333333333333	0.08333333333333333	0.0	0.3333333333333333	es
ep-02-09-24	en	nonnatives	NN_Spain	35.0	0.02857142857142857	0.0	0.0	0.0	0.0	0.0	0.0	0.0	0.0	4.0	3.0	0.3142857142857143	1.0	0.0	0.0	1.0	0.0	0.0	0.5	0.0	1.0	1.0	0.0	0.0	0.0	0.0	0.0	0.0	0.0	0.0	0.0	1.0	0.0	0.05714285714285714	0.0	4.0	1.8181818181818181	0.2	0.4	0.2	0.0	0.2	0.0	0.0	es
ep-02-09-26	en	nonnatives	NN_Spain	14.0	0.14285714285714285	0.0	0.0	0.0	0.0	0.0	0.0	0.0	0.0	0.0	1.5	0.32142857142857145	1.0	0.0	0.0	0.5	0.3333333333333333	0.0	0.0	0.0	0.0	0.5	0.0	0.0	0.0	0.0	0.0	0.0	0.0	0.0	0.0	1.5	0.0	0.0	0.0	2.829411764705882	0.7882352941176471	0.0	0.125	0.0	0.125	0.0	0.0	0.75	es
ep-02-11-18	en	nonnatives	NN_Spain	27.571428571428573	0.010362694300518135	0.0051813471502590676	0.0	0.7142857142857143	0.0	0.2857142857142857	0.0	0.0	0.5714285714285714	1.7142857142857142	0.8571428571428571	0.37823834196891193	0.9605263157894737	0.0	0.2857142857142857	0.8125	0.0	0.25	0.5	0.0	0.14285714285714285	0.2857142857142857	0.14285714285714285	0.14285714285714285	0.0	0.0	0.0	0.0	0.058823529411764705	0.0	0.7142857142857143	1.0	0.5714285714285714	0.010362694300518135	0.7894736842105263	3.5046157246086693	1.512810845159377	0.15476190476190474	0.5714285714285714	0.047619047619047616	0.03571428571428571	0.047619047619047616	0.0	0.0	es
ep-02-12-18	en	nonnatives	NN_Spain	19.75	0.0189873417721519	0.006329113924050633	0.0	0.125	0.0	0.0	0.0	0.0	0.25	1.625	1.0	0.35443037974683544	0.9491525423728814	0.0	0.125	0.8333333333333334	0.25	0.08333333333333333	0.16666666666666666	0.0	0.125	0.25	0.0	0.375	0.0	0.125	0.0	0.0	0.05	0.0	0.125	0.75	0.375	0.006329113924050633	0.75	3.1203138193076274	1.4074203724552021	0.0	0.34375	0.03125	0.03125	0.03125	0.0	0.3125	es
ep-03-01-13	en	nonnatives	NN_Spain	27.428571428571427	0.010416666666666666	0.005208333333333333	0.0	0.7142857142857143	0.0	0.2857142857142857	0.0	0.0	0.5714285714285714	1.8571428571428572	0.2857142857142857	0.4114583333333333	0.9753086419753086	0.0	0.5714285714285714	0.7857142857142857	0.42857142857142855	0.07142857142857142	0.7142857142857143	0.0	0.0	0.5714285714285714	0.0	0.14285714285714285	0.2857142857142857	0.0	0.0	0.14285714285714285	0.09090909090909091	0.0	0.14285714285714285	1.4285714285714286	0.14285714285714285	0.015625	0.8235294117647058	3.8001090567382585	1.3422652683310274	0.21428571428571427	0.47619047619047616	0.0	0.047619047619047616	0.0	0.0	0.11904761904761904	es
ep-03-02-10	en	nonnatives	NN_Spain	16.25	0.023076923076923078	0.023076923076923078	0.0	0.25	0.0	0.25	0.0	0.0	0.375	2.125	0.5	0.47692307692307695	1.0	0.0	0.5	0.8333333333333334	0.16666666666666666	0.0	0.25	0.0	0.125	0.125	0.0	0.125	0.0	0.0	0.0	0.0	0.045454545454545456	0.0	0.125	0.625	0.5	0.015384615384615385	0.6666666666666666	3.526222909035409	1.3387706043956042	0.125	0.35416666666666663	0.041666666666666664	0.0625	0.041666666666666664	0.0	0.25	es
ep-03-03-13	en	nonnatives	NN_Spain	16.0	0.0	0.0	0.0	0.0	0.0	0.0	0.0	0.0	0.0	1.0	1.0	0.3125	1.0	0.0	0.0	1.0	0.0	1.0	1.0	0.0	1.0	0.0	0.0	0.0	0.0	1.0	0.0	0.0	0.0	0.0	0.0	0.0	1.0	0.125	0	2.6923076923076925	2.5384615384615383	0.0	0.25	0.25	0.0	0.5	0.0	0.0	es
ep-03-05-12	en	nonnatives	NN_Spain	28.5	0.011695906432748537	0.023391812865497075	0.005847953216374269	0.5	0.0	0.16666666666666666	0.0	0.0	0.16666666666666666	2.5	1.6666666666666667	0.43859649122807015	0.9868421052631579	0.0	0.16666666666666666	0.6	0.2	0.26666666666666666	0.4666666666666667	0.0	0.3333333333333333	0.16666666666666666	0.3333333333333333	0.0	0.0	0.0	0.16666666666666666	0.0	0.047619047619047616	0.0	0.0	1.6666666666666667	0.16666666666666666	0.011695906432748537	0.75	3.604700734602696	1.3722327496837299	0.14166666666666666	0.5833333333333334	0.075	0.0	0.11666666666666665	0.0	0.08333333333333333	es
ep-03-06-02	en	nonnatives	NN_Spain	33.25	0.022556390977443608	0.0	0.015037593984962405	0.75	0.0	0.0	0.0	0.0	0.25	4.0	0.75	0.45112781954887216	0.9836065573770492	0.0	0.25	0.7	0.1	0.1	0.5	0.0	0.0	0.0	0.5	0.0	0.0	0.25	0.25	0.0	0.0	0.09090909090909091	0.25	1.5	0.0	0.03007518796992481	0.7272727272727273	3.626488095238096	1.6406249999999998	0.0	0.375	0.0	0.0	0.0	0.25	0.125	es
ep-03-06-03	en	nonnatives	NN_Spain	25.46153846153846	0.015105740181268883	0.006042296072507553	0.0030211480362537764	0.38461538461538464	0.07692307692307693	0.23076923076923078	0.07692307692307693	0.0	0.3076923076923077	2.0	0.9230769230769231	0.39274924471299094	0.948905109489051	0.0	0.0	0.8148148148148148	0.1111111111111111	0.2222222222222222	0.2222222222222222	0.0	0.23076923076923078	0.46153846153846156	0.07692307692307693	0.07692307692307693	0.23076923076923078	0.07692307692307693	0.07692307692307693	0.0	0.04878048780487805	0.024390243902439025	0.3076923076923077	1.1538461538461537	0.46153846153846156	0.012084592145015106	0.6923076923076923	3.6843803328102727	1.722736676032568	0.23992673992673993	0.036630036630036625	0.06227106227106227	0.04761904761904762	0.06227106227106227	0.02564102564102564	0.14102564102564102	es
ep-03-06-18	en	nonnatives	NN_Spain	30.0	0.029166666666666667	0.0125	0.0	0.25	0.0	0.0	0.0	0.0	0.125	3.0	0.75	0.42083333333333334	0.9711538461538461	0.0	0.625	0.6923076923076923	0.15384615384615385	0.11538461538461539	0.15384615384615385	0.125	0.0	0.875	0.625	0.25	0.0	0.0	0.375	0.0	0.02631578947368421	0.05263157894736842	0.5	2.0	0.25	0.004166666666666667	0.8333333333333334	4.0311626604389765	1.3019437205703654	0.22916666666666666	0.3333333333333333	0.041666666666666664	0.041666666666666664	0.0	0.041666666666666664	0.0625	es
ep-03-09-01	en	nonnatives	NN_Spain	27.875	0.013452914798206279	0.017937219730941704	0.004484304932735426	0.625	0.0	0.5	0.0	0.0	0.75	3.5	0.625	0.3901345291479821	0.9775280898876404	0.0	0.625	1.25	0.0	0.3333333333333333	0.5	0.0	0.375	0.375	0.125	0.125	0.125	0.125	0.125	0.0	0.024390243902439025	0.0	0.25	1.125	0.375	0.013452914798206279	0.5833333333333334	3.455705706996383	1.6524164534881054	0.1875	0.3482142857142857	0.06696428571428571	0.0	0.06696428571428571	0.08035714285714285	0.0	es
ep-03-09-03	en	nonnatives	NN_Spain	27.25	0.03669724770642202	0.013761467889908258	0.0045871559633027525	0.25	0.0	0.25	0.0	0.0	0.375	2.5	0.875	0.40825688073394495	0.978021978021978	0.0	0.375	0.75	0.05	0.15	0.25	0.0	0.25	0.75	0.125	0.125	0.0	0.25	0.25	0.0	0.09090909090909091	0.06060606060606061	0.125	1.875	0.125	0.01834862385321101	0.6086956521739131	3.8660985396182763	1.300710711072553	0.275	0.16458333333333333	0.10416666666666666	0.03125	0.041666666666666664	0.06666666666666667	0.19166666666666665	es
ep-03-09-22	en	nonnatives	NN_Spain	33.6	0.02976190476190476	0.005952380952380952	0.0	0.6	0.0	0.0	0.0	0.0	0.8	2.8	1.6	0.36904761904761907	0.9253731343283582	0.0	0.2	0.6875	0.1875	0.3125	0.375	0.0	0.0	0.6	0.4	0.0	0.0	0.0	0.0	0.0	0.0	0.0	0.0	1.6	0.0	0.011904761904761904	0.6153846153846154	4.456628661193878	1.64624100537144	0.6	0.2	0.0	0.1	0.0	0.0	0.1	es
ep-03-09-24	en	nonnatives	NN_Spain	37.25	0.006711409395973154	0.020134228187919462	0.006711409395973154	1.0	0.0	0.75	0.0	0.0	0.25	1.75	1.0	0.348993288590604	0.9811320754716981	0.0	0.75	1.0	0.0	0.07692307692307693	0.23076923076923078	0.0	0.5	0.75	0.0	0.0	0.0	0.0	0.75	0.25	0.0	0.0	0.5	1.75	0.0	0.03355704697986577	0.7333333333333333	3.9275555741500012	1.422014196859398	0.0	0.4666666666666667	0.175	0.1	0.175	0.08333333333333333	0.0	es
ep-03-09-25	en	nonnatives	NN_Spain	26.3125	0.040380047505938245	0.009501187648456057	0.011876484560570071	0.3125	0.0625	0.25	0.0	0.0	0.375	1.9375	0.9375	0.38954869358669836	0.9590643274853801	0.0	0.6875	0.7	0.24	0.08	0.1	0.0	0.25	0.8125	0.125	0.25	0.0625	0.1875	0.125	0.0	0.03636363636363636	0.0	0.375	1.9375	0.1875	0.026128266033254157	0.5555555555555556	3.876850906446495	1.6536422523554877	0.050595238095238096	0.4418154761904762	0.05267857142857143	0.14583333333333331	0.06517857142857142	0.0125	0.1063988095238095	es
ep-03-10-20	en	nonnatives	NN_Spain	27.3	0.04395604395604396	0.007326007326007326	0.003663003663003663	0.6	0.1	0.4	0.2	0.0	0.5	2.2	1.8	0.3772893772893773	0.9716981132075472	0.0	0.2	0.7142857142857143	0.17857142857142858	0.21428571428571427	0.07142857142857142	0.0	0.3	0.4	0.0	0.1	0.0	0.3	0.2	0.2	0.0	0.0	0.4	1.9	0.1	0.0	0.4782608695652174	3.7456133239061637	1.4596671791364888	0.29	0.19	0.056666666666666664	0.14166666666666666	0.056666666666666664	0.175	0.09	es
ep-03-11-06	en	nonnatives	NN_Spain	37.5	0.04	0.013333333333333334	0.0	1.0	0.0	0.0	0.0	0.0	0.0	3.0	2.0	0.37333333333333335	0.9333333333333333	0.0	1.0	0.5454545454545454	0.18181818181818182	0.2727272727272727	0.09090909090909091	0.0	1.0	1.0	0.0	0.5	0.0	0.0	0.0	0.0	0.0	0.0	0.5	3.0	0.0	0.0	0.6666666666666666	4.065257352941177	2.1966911764705883	0.3125	0.3125	0.125	0.125	0.125	0.0	0.0	es
ep-03-12-15	en	nonnatives	NN_Spain	23.916666666666668	0.024390243902439025	0.013937282229965157	0.0	0.3333333333333333	0.08333333333333333	0.25	0.0	0.0	0.3333333333333333	2.0	0.6666666666666666	0.3797909407665505	1.0	0.0	0.3333333333333333	0.88	0.08	0.04	0.24	0.16666666666666666	0.08333333333333333	0.5	0.25	0.08333333333333333	0.08333333333333333	0.0	0.0	0.08333333333333333	0.0	0.027777777777777776	0.08333333333333333	1.25	0.16666666666666666	0.020905923344947737	0.6923076923076923	3.4830541301470395	1.689088721403614	0.125	0.3666666666666667	0.075	0.0	0.05833333333333333	0.0	0.20833333333333334	es
ep-04-01-12	en	nonnatives	NN_Spain	19.9	0.05025125628140704	0.005025125628140704	0.0	0.5	0.0	0.2	0.0	0.0	0.3	1.1	0.6	0.3316582914572864	0.9850746268656716	0.0	0.3	0.68	0.16	0.04	0.08	0.1	0.2	0.6	0.0	0.1	0.0	0.1	0.1	0.0	0.0	0.0	0.1	0.8	0.3	0.01507537688442211	0.5	3.4042356554121254	1.4586540529187588	0.1	0.25	0.07333333333333333	0.18666666666666668	0.07333333333333333	0.0	0.21666666666666665	es
ep-04-01-28	en	nonnatives	NN_Spain	19.4	0.061855670103092786	0.0	0.0	0.4	0.0	0.0	0.0	0.0	0.6	0.6	0.4	0.3402061855670103	0.9705882352941176	0.0	0.4	0.8888888888888888	0.2222222222222222	0.1111111111111111	0.3333333333333333	0.0	0.0	0.4	0.2	0.0	0.0	0.4	0.2	0.2	0.0	0.0	0.4	0.8	0.4	0.030927835051546393	0.5	2.9620957473898653	1.4270002546473135	0.0	0.7	0.0	0.0	0.0	0.0	0.1	es
ep-04-01-29	en	nonnatives	NN_Spain	40.2	0.024875621890547265	0.014925373134328358	0.0	0.8	0.0	0.2	0.2	0.0	0.2	3.8	1.4	0.36318407960199006	0.9125	0.0	0.2	0.6111111111111112	0.2777777777777778	0.1111111111111111	0.5555555555555556	0.0	0.2	0.8	0.0	0.0	0.0	0.2	0.0	0.0	0.041666666666666664	0.08333333333333333	0.2	2.0	0.2	0.01990049751243781	0.75	4.259748314232761	2.38718008841252	0.26666666666666666	0.1	0.03333333333333333	0.15	0.03333333333333333	0.13333333333333333	0.08333333333333333	es
ep-04-02-10	en	nonnatives	NN_Spain	18.0	0.05555555555555555	0.027777777777777776	0.0	0.5	0.0	0.0	0.0	0.0	1.0	0.5	0.0	0.25	1.0	0.0	0.0	3.0	0.0	0.0	0.0	0.0	0.0	0.5	0.0	0.0	0.0	0.0	1.5	0.0	0.0	0.25	0.0	0.5	0.5	0.05555555555555555	0.0	2.5478260869565217	1.4521739130434783	0.0	0.0	0.0	0.0	0.0	0.0	0.0	es
ep-04-03-08	en	nonnatives	NN_Spain	39.75	0.012578616352201259	0.025157232704402517	0.0	0.5	0.25	0.25	0.0	0.0	0.5	4.0	2.75	0.4276729559748428	1.0	0.0	0.25	0.5555555555555556	0.05555555555555555	0.2777777777777778	0.3888888888888889	0.0	0.5	1.0	0.25	0.0	0.0	0.25	0.0	0.0	0.05263157894736842	0.0	0.5	3.25	0.0	0.0	0.9333333333333333	4.061458333333333	2.2473720043572984	0.24583333333333335	0.14583333333333331	0.1125	0.125	0.1125	0.08333333333333333	0.175	es
ep-04-03-31	en	nonnatives	NN_Spain	14.857142857142858	0.028846153846153848	0.009615384615384616	0.0	0.2857142857142857	0.0	0.0	0.0	0.0	0.0	1.1428571428571428	1.1428571428571428	0.38461538461538464	1.0	0.0	0.0	0.8571428571428571	0.0	0.14285714285714285	0.42857142857142855	0.0	0.42857142857142855	0.2857142857142857	0.0	0.14285714285714285	0.2857142857142857	0.0	0.0	0.0	0.0	0.0	0.2857142857142857	0.42857142857142855	0.5714285714285714	0.0	0.8	2.8429630519856084	1.0931992819210863	0.0	0.08333333333333333	0.15476190476190474	0.0	0.15476190476190474	0.0	0.03571428571428571	es
ep-04-04-20	en	nonnatives	NN_Spain	25.23076923076923	0.036585365853658534	0.018292682926829267	0.006097560975609756	0.7692307692307693	0.07692307692307693	0.15384615384615385	0.0	0.0	0.23076923076923078	2.076923076923077	1.1538461538461537	0.3780487804878049	0.9763779527559056	0.0	0.3076923076923077	0.8333333333333334	0.13333333333333333	0.2	0.2	0.0	0.3076923076923077	0.6923076923076923	0.07692307692307693	0.07692307692307693	0.07692307692307693	0.6153846153846154	0.07692307692307693	0.0	0.0	0.0	0.23076923076923078	0.9230769230769231	0.38461538461538464	0.018292682926829267	0.4642857142857143	3.8588212169094525	1.8363265861003415	0.14102564102564102	0.3705128205128206	0.09871794871794871	0.13717948717948716	0.09871794871794871	0.0	0.07692307692307693	es
ep-04-05-05	en	nonnatives	NN_Spain	21.25	0.09411764705882353	0.011764705882352941	0.0	0.75	0.0	0.25	0.0	0.0	0.0	1.25	0.0	0.4	0.9714285714285714	0.0	0.25	0.6666666666666666	0.06666666666666667	0.06666666666666667	0.0	0.0	0.0	0.75	0.0	0.25	0.0	0.0	0.0	0.0	0.0	0.1	0.0	1.0	0.5	0.011764705882352941	0.3333333333333333	3.7580795641140465	1.403269144648455	0.0625	0.4375	0.0	0.4375	0.0	0.0	0.0625	es
ep-04-10-13	en	nonnatives	NN_Spain	21.22222222222222	0.06806282722513089	0.010471204188481676	0.0	0.4444444444444444	0.0	0.3333333333333333	0.0	0.0	0.6666666666666666	0.3333333333333333	1.1111111111111112	0.3036649214659686	0.90625	0.0	0.0	0.7916666666666666	0.16666666666666666	0.20833333333333334	0.25	0.1111111111111111	0.0	0.3333333333333333	0.0	0.0	0.0	0.1111111111111111	0.1111111111111111	0.1111111111111111	0.15384615384615385	0.0	0.3333333333333333	2.0	0.1111111111111111	0.02617801047120419	0.4444444444444444	3.469488536155203	1.2801587301587303	0.08333333333333333	0.3055555555555556	0.05555555555555555	0.1111111111111111	0.05555555555555555	0.2777777777777778	0.1111111111111111	es
ep-04-10-26	en	nonnatives	NN_Spain	22.0	0.04040404040404041	0.027777777777777776	0.0025252525252525255	0.7222222222222222	0.0	0.2222222222222222	0.05555555555555555	0.0	0.5555555555555556	1.2222222222222223	0.8333333333333334	0.3409090909090909	0.9712230215827338	0.0	0.2777777777777778	0.8378378378378378	0.13513513513513514	0.08108108108108109	0.21621621621621623	0.05555555555555555	0.2777777777777778	0.4444444444444444	0.05555555555555555	0.05555555555555555	0.0	0.05555555555555555	0.0	0.05555555555555555	0.08333333333333333	0.0	0.5	1.2222222222222223	0.2777777777777778	0.012626262626262626	0.5135135135135135	3.5251389913478004	1.6090431384940032	0.061111111111111116	0.4927248677248677	0.06216931216931217	0.021825396825396824	0.048280423280423285	0.046296296296296294	0.15648148148148147	es
ep-04-12-13	en	nonnatives	NN_Spain	23.857142857142858	0.017964071856287425	0.041916167664670656	0.0	1.0	0.0	0.5714285714285714	0.0	0.0	0.5714285714285714	1.8571428571428572	0.8571428571428571	0.4311377245508982	0.9863013698630136	0.0	0.7142857142857143	0.7647058823529411	0.17647058823529413	0.11764705882352941	0.0	0.0	0.7142857142857143	0.7142857142857143	0.14285714285714285	0.0	0.14285714285714285	0.2857142857142857	0.14285714285714285	0.0	0.0	0.0	0.2857142857142857	1.8571428571428572	0.14285714285714285	0.005988023952095809	0.6428571428571429	3.616697731724268	1.5056379569371607	0.10714285714285714	0.42857142857142855	0.21428571428571427	0.0	0.07142857142857142	0.0	0.17857142857142858	es
ep-04-12-14	en	nonnatives	NN_Spain	9.0	0.1111111111111111	0.0	0.0	0.0	0.0	0.0	0.0	0.0	0.0	0.0	0.0	0.2222222222222222	1.0	0.0	0.0	1.0	0.0	0.0	1.0	0.0	0.0	0.0	0.0	0.0	0.0	0.0	0.0	0.0	0	0	0.0	0.0	1.0	0.1111111111111111	0.0	2.4	1.2	0.0	0.0	0.0	0.0	0.0	0.0	0.0	es
ep-05-01-11	en	nonnatives	NN_Spain	28.869565217391305	0.03614457831325301	0.01355421686746988	0.004518072289156626	1.1304347826086956	0.13043478260869565	0.6086956521739131	0.0	0.0	0.34782608695652173	2.0869565217391304	1.0434782608695652	0.34789156626506024	0.9545454545454546	0.0	0.2608695652173913	0.8153846153846154	0.09230769230769231	0.1076923076923077	0.16923076923076924	0.0	0.5217391304347826	0.43478260869565216	0.13043478260869565	0.043478260869565216	0.13043478260869565	0.043478260869565216	0.08695652173913043	0.13043478260869565	0.14285714285714285	0.0	0.5217391304347826	1.6956521739130435	0.30434782608695654	0.030120481927710843	0.4090909090909091	3.8254207001640044	1.6678184398040736	0.05543478260869565	0.4461697722567287	0.12148033126293997	0.021739130434782608	0.09648033126293996	0.043478260869565216	0.08478260869565217	es
ep-05-03-09	en	nonnatives	NN_Spain	31.0	0.025089605734767026	0.0035842293906810036	0.0035842293906810036	1.1111111111111112	0.3333333333333333	0.4444444444444444	0.0	0.0	0.6666666666666666	2.5555555555555554	1.3333333333333333	0.3727598566308244	0.9811320754716981	0.0	0.6666666666666666	0.75	0.125	0.16666666666666666	0.08333333333333333	0.0	0.4444444444444444	0.6666666666666666	0.1111111111111111	0.1111111111111111	0.0	0.0	0.1111111111111111	0.0	0.046511627906976744	0.0	0.4444444444444444	1.5555555555555556	0.1111111111111111	0.007168458781362007	0.625	3.468429309708379	1.7524944775498486	0.2037037037037037	0.537037037037037	0.11851851851851852	0.022222222222222223	0.05925925925925926	0.0	0.05925925925925926	es
ep-05-06-22	en	nonnatives	NN_Spain	28.444444444444443	0.05859375	0.00390625	0.00390625	1.1111111111111112	0.1111111111111111	0.2222222222222222	0.0	0.0	0.3333333333333333	2.7777777777777777	0.5555555555555556	0.36328125	0.9393939393939394	0.0	0.4444444444444444	0.65625	0.1875	0.03125	0.03125	0.0	0.3333333333333333	0.5555555555555556	0.1111111111111111	0.0	0.0	0.0	0.3333333333333333	0.2222222222222222	0.0	0.027777777777777776	0.3333333333333333	1.8888888888888888	0.3333333333333333	0.0078125	0.4444444444444444	3.6741087718686285	1.8267407235149173	0.0	0.4277777777777778	0.08333333333333333	0.05	0.05555555555555555	0.05925925925925926	0.21296296296296294	es
ep-05-09-28	en	nonnatives	NN_Spain	21.181818181818183	0.055793991416309016	0.012875536480686695	0.0	0.6363636363636364	0.2727272727272727	0.2727272727272727	0.0	0.0	0.18181818181818182	1.0	1.0909090909090908	0.40772532188841204	0.979381443298969	0.0	0.45454545454545453	0.7027027027027027	0.1891891891891892	0.08108108108108109	0.13513513513513514	0.0	0.0	1.1818181818181819	0.18181818181818182	0.0	0.2727272727272727	0.09090909090909091	0.09090909090909091	0.09090909090909091	0.0	0.0	0.18181818181818182	1.8181818181818181	0.09090909090909091	0.008583690987124463	0.6521739130434783	4.047601839946338	1.2935221477087504	0.23484848484848483	0.35757575757575755	0.0	0.09393939393939393	0.0	0.0	0.1318181818181818	es
ep-05-10-12	en	nonnatives	NN_Spain	19.666666666666668	0.00847457627118644	0.00847457627118644	0.0	0.0	0.0	0.0	0.0	0.0	0.16666666666666666	1.6666666666666667	0.8333333333333334	0.4067796610169492	0.96	0.0	0.0	0.5	0.2857142857142857	0.14285714285714285	0.5	0.0	0.16666666666666666	0.0	0.5	0.0	0.0	0.0	0.16666666666666666	0.0	0.07142857142857142	0.0	0.16666666666666666	1.0	0.3333333333333333	0.01694915254237288	0.7	3.85918606353389	1.561868686868687	0.27777777777777773	0.2222222222222222	0.05555555555555555	0.08333333333333333	0.05555555555555555	0.0	0.13888888888888887	es
ep-05-10-13	en	nonnatives	NN_Spain	16.333333333333332	0.061224489795918366	0.0	0.0	0.0	0.0	0.0	0.0	0.0	0.3333333333333333	0.6666666666666666	0.0	0.3673469387755102	1.0	0.0	0.3333333333333333	0.7142857142857143	0.42857142857142855	0.0	0.42857142857142855	0.0	0.0	0.6666666666666666	0.3333333333333333	0.0	0.0	0.0	0.0	0.0	0.0	0.0	0.6666666666666666	1.0	0.3333333333333333	0.02040816326530612	0.625	3.463725490196078	1.061764705882353	0.0	0.3	0.0	0.2333333333333333	0.0	0.0	0.4666666666666666	es
ep-05-10-24	en	nonnatives	NN_Spain	31.0	0.027649769585253458	0.009216589861751152	0.0	1.5714285714285714	0.0	0.8571428571428571	0.0	0.0	0.7142857142857143	3.4285714285714284	0.8571428571428571	0.37327188940092165	0.9204545454545454	0.0	0.2857142857142857	0.6521739130434783	0.21739130434782608	0.08695652173913043	0.043478260869565216	0.0	0.2857142857142857	0.14285714285714285	0.14285714285714285	0.14285714285714285	0.0	0.0	0.0	0.14285714285714285	0.0	0.0	0.2857142857142857	1.4285714285714286	0.14285714285714285	0.013824884792626729	0.5454545454545454	4.304011178873537	1.6910529208985796	0.14285714285714285	0.24285714285714285	0.07619047619047618	0.07619047619047618	0.07619047619047618	0.0	0.24285714285714285	es
ep-05-11-14	en	nonnatives	NN_Spain	23.0	0.043478260869565216	0.0	0.0	1.2	0.4	0.2	0.0	0.0	0.6	1.4	1.0	0.40869565217391307	0.94	0.0	0.4	0.7857142857142857	0.07142857142857142	0.21428571428571427	0.21428571428571427	0.0	0.4	0.2	0.0	0.2	0.2	0.2	0.0	0.2	0.0	0.0	0.6	1.2	0.2	0.017391304347826087	0.4166666666666667	3.6125	1.3983333333333334	0.0	0.26666666666666666	0.06666666666666667	0.0	0.06666666666666667	0.0	0.2	es
ep-05-12-12	en	nonnatives	NN_Spain	24.75	0.025252525252525252	0.020202020202020204	0.0	0.625	0.125	0.125	0.0	0.0	0.75	2.5	0.25	0.4444444444444444	1.0	0.0	0.375	0.7368421052631579	0.15789473684210525	0.2631578947368421	0.21052631578947367	0.0	0.0	0.625	0.125	0.0	0.0	0.0	0.375	0.0	0.034482758620689655	0.0	0.25	1.75	0.125	0.025252525252525252	0.7619047619047619	3.8545635433253542	1.4516346089627996	0.16666666666666666	0.41666666666666663	0.0	0.21875	0.0	0.0	0.07291666666666666	es
ep-06-02-01	en	nonnatives	NN_Spain	17.0	0.06334841628959276	0.004524886877828055	0.004524886877828055	0.7692307692307693	0.0	0.3076923076923077	0.0	0.0	0.38461538461538464	1.0769230769230769	0.23076923076923078	0.3574660633484163	0.9186046511627907	0.0	0.46153846153846156	1.0	0.14285714285714285	0.0	0.2857142857142857	0.0	0.07692307692307693	0.15384615384615385	0.0	0.07692307692307693	0.07692307692307693	0.0	0.0	0.23076923076923078	0.0	0.0	0.15384615384615385	0.5384615384615384	0.6153846153846154	0.01809954751131222	0.3448275862068966	3.3064216485269116	1.13773003312477	0.07692307692307693	0.46153846153846156	0.038461538461538464	0.038461538461538464	0.038461538461538464	0.0	0.038461538461538464	es
ep-06-02-14	en	nonnatives	NN_Spain	23.7	0.04219409282700422	0.02109704641350211	0.004219409282700422	1.0	0.1	0.0	0.0	0.0	0.3	1.8	0.5	0.45147679324894513	0.9727272727272728	0.0	0.7	0.8695652173913043	0.08695652173913043	0.0	0.2608695652173913	0.0	0.3	0.8	0.2	0.0	0.1	0.0	0.1	0.1	0.030303030303030304	0.0	0.3	1.0	0.4	0.008438818565400843	0.5769230769230769	3.8462680456798113	1.5518271924154274	0.03333333333333333	0.3033333333333333	0.08666666666666667	0.13666666666666666	0.08666666666666667	0.1	0.15333333333333332	es
ep-06-02-15	en	nonnatives	NN_Spain	35.166666666666664	0.04739336492890995	0.02843601895734597	0.004739336492890996	1.3333333333333333	0.3333333333333333	0.0	0.0	0.0	0.6666666666666666	3.5	0.3333333333333333	0.41232227488151657	0.9560439560439561	0.0	0.6666666666666666	0.9523809523809523	0.19047619047619047	0.0	0.047619047619047616	0.0	0.16666666666666666	1.1666666666666667	0.16666666666666666	0.0	0.3333333333333333	0.0	0.16666666666666666	0.0	0.030303030303030304	0.06060606060606061	0.16666666666666666	2.1666666666666665	0.16666666666666666	0.009478672985781991	0.56	4.283115169144581	2.0816622532953803	0.10714285714285714	0.4365079365079365	0.023809523809523808	0.2599206349206349	0.023809523809523808	0.08333333333333333	0.06547619047619048	es
ep-06-03-15	en	nonnatives	NN_Spain	29.142857142857142	0.0392156862745098	0.029411764705882353	0.0	1.2857142857142858	0.0	0.14285714285714285	0.0	0.0	0.2857142857142857	2.142857142857143	0.2857142857142857	0.39215686274509803	0.975609756097561	0.0	0.14285714285714285	0.4230769230769231	0.3076923076923077	0.038461538461538464	0.2692307692307692	0.0	0.14285714285714285	1.0	0.0	0.0	0.0	0.0	0.14285714285714285	0.0	0.0	0.17647058823529413	0.14285714285714285	2.4285714285714284	0.14285714285714285	0.0	0.5714285714285714	4.0740423434486175	1.7621465878919857	0.21428571428571427	0.14285714285714285	0.03571428571428571	0.07142857142857142	0.0	0.0	0.39285714285714285	es
ep-06-04-04	en	nonnatives	NN_Spain	29.571428571428573	0.043478260869565216	0.014492753623188406	0.0	0.8571428571428571	0.0	0.2857142857142857	0.0	0.0	0.42857142857142855	3.5714285714285716	1.0	0.4106280193236715	0.9883720930232558	0.0	0.14285714285714285	0.8235294117647058	0.29411764705882354	0.0	0.11764705882352941	0.0	0.0	0.42857142857142855	0.14285714285714285	0.0	0.14285714285714285	0.14285714285714285	0.0	0.14285714285714285	0.0	0.0	0.0	1.8571428571428572	0.0	0.014492753623188406	0.6	4.290110730282451	1.377311486737866	0.6428571428571429	0.07142857142857142	0.0	0.0	0.0	0.0	0.14285714285714285	es
ep-06-04-26	en	nonnatives	NN_Spain	32.142857142857146	0.02666666666666667	0.017777777777777778	0.0	0.5714285714285714	0.0	0.5714285714285714	0.0	0.0	0.14285714285714285	3.4285714285714284	1.0	0.4266666666666667	0.96	0.0	0.14285714285714285	0.6363636363636364	0.22727272727272727	0.09090909090909091	0.3181818181818182	0.0	0.14285714285714285	0.5714285714285714	0.14285714285714285	0.42857142857142855	0.0	0.14285714285714285	0.14285714285714285	0.0	0.0	0.06666666666666667	0.14285714285714285	2.5714285714285716	0.14285714285714285	0.013333333333333334	0.6296296296296297	4.117138058020411	1.8663304342716107	0.11904761904761904	0.25	0.047619047619047616	0.0	0.047619047619047616	0.0	0.39285714285714285	es
ep-06-05-31	en	nonnatives	NN_Spain	22.466666666666665	0.06528189910979229	0.002967359050445104	0.005934718100890208	0.8666666666666667	0.0	0.4	0.13333333333333333	0.0	0.6	1.9333333333333333	0.26666666666666666	0.3768545994065282	0.9338235294117647	0.0	0.4	0.9705882352941176	0.2647058823529412	0.0	0.08823529411764706	0.0	0.06666666666666667	0.5333333333333333	0.0	0.13333333333333333	0.13333333333333333	0.06666666666666667	0.0	0.0	0.06382978723404255	0.0	0.13333333333333333	1.2666666666666666	0.26666666666666666	0.032640949554896145	0.45652173913043476	3.3099310560218878	1.4225389510194264	0.05555555555555555	0.4277777777777778	0.02222222222222222	0.07222222222222222	0.0	0.0	0.08888888888888888	es
ep-06-06-14	en	nonnatives	NN_Spain	30.0	0.008333333333333333	0.016666666666666666	0.0	1.25	0.0	0.5	0.0	0.0	0.5	2.75	0.25	0.35	0.9545454545454546	0.0	0.5	0.8	0.2	0.1	0.2	0.0	0.0	0.25	0.0	0.25	0.0	0.0	0.0	0.0	0.0	0.0	0.0	1.75	0.25	0.008333333333333333	0.7142857142857143	3.806364468864469	1.554059829059829	0.03571428571428571	0.35714285714285715	0.0	0.0	0.0	0.07142857142857142	0.2857142857142857	es
ep-06-07-06	en	nonnatives	NN_Spain	33.07142857142857	0.012958963282937365	0.012958963282937365	0.0	0.7857142857142857	0.07142857142857142	0.42857142857142855	0.07142857142857142	0.0	0.21428571428571427	3.0714285714285716	1.4285714285714286	0.4103671706263499	0.9743589743589743	0.0	0.35714285714285715	0.5555555555555556	0.2	0.2	0.5111111111111111	0.0	0.14285714285714285	0.5	0.21428571428571427	0.14285714285714285	0.07142857142857142	0.35714285714285715	0.0	0.0	0.03508771929824561	0.0	0.07142857142857142	1.7857142857142858	0.21428571428571427	0.0064794816414686825	0.75	4.354993340296514	1.603852061943919	0.22499999999999995	0.24047619047619048	0.041666666666666664	0.03214285714285715	0.041666666666666664	0.0	0.20476190476190476	es
ep-06-09-07	en	nonnatives	NN_Spain	21.75	0.028735632183908046	0.011494252873563218	0.0	1.125	0.0	0.25	0.0	0.0	0.25	2.375	1.5	0.4367816091954023	1.0	0.0	0.375	0.8235294117647058	0.17647058823529413	0.058823529411764705	0.23529411764705882	0.125	0.75	0.125	0.0	0.0	0.125	0.125	0.125	0.125	0.0	0.0	0.0	0.875	0.375	0.040229885057471264	0.5384615384615384	3.3540598290598287	1.671395577461754	0.017857142857142856	0.35238095238095235	0.22113095238095237	0.0	0.19613095238095238	0.0	0.0875	es
ep-06-09-28	en	nonnatives	NN_Spain	27.636363636363637	0.03618421052631579	0.009868421052631578	0.0	0.45454545454545453	0.0	0.2727272727272727	0.0	0.0	0.45454545454545453	2.090909090909091	0.5454545454545454	0.40131578947368424	0.9457364341085271	0.0	0.36363636363636365	0.8387096774193549	0.16129032258064516	0.06451612903225806	0.3548387096774194	0.09090909090909091	0.0	0.6363636363636364	0.2727272727272727	0.09090909090909091	0.18181818181818182	0.0	0.09090909090909091	0.09090909090909091	0.05128205128205128	0.0	0.36363636363636365	1.6363636363636365	0.0	0.02631578947368421	0.5714285714285714	3.9815525471251747	1.6029529525273956	0.1212121212121212	0.5757575757575757	0.045454545454545456	0.0	0.0	0.045454545454545456	0.2121212121212121	es
ep-06-11-14-019	en	nonnatives	NN_Spain	21.4	0.035046728971962614	0.011682242990654205	0.002336448598130841	0.65	0.0	0.35	0.0	0.0	0.75	1.75	0.55	0.3878504672897196	0.9273743016759777	0.0	0.4	0.8333333333333334	0.2619047619047619	0.07142857142857142	0.11904761904761904	0.0	0.25	0.45	0.2	0.1	0.15	0.0	0.0	0.1	0.0	0.0	0.3	1.3	0.25	0.03271028037383177	0.6326530612244898	3.4242472354819404	1.278741765768323	0.14166666666666666	0.20833333333333331	0.10833333333333332	0.0	0.06666666666666667	0.0	0.175	es
ep-07-03-14-015	en	nonnatives	NN_Spain	30.896551724137932	0.033482142857142856	0.008928571428571428	0.002232142857142857	1.206896551724138	0.13793103448275862	0.20689655172413793	0.034482758620689655	0.0	0.3448275862068966	2.206896551724138	1.206896551724138	0.4252232142857143	0.9769230769230769	0.0	0.5172413793103449	0.6761904761904762	0.1619047619047619	0.1619047619047619	0.18095238095238095	0.034482758620689655	0.5862068965517241	0.9310344827586207	0.13793103448275862	0.06896551724137931	0.06896551724137931	0.1724137931034483	0.06896551724137931	0.0	0.0975609756097561	0.032520325203252036	0.27586206896551724	2.0	0.20689655172413793	0.020089285714285716	0.5454545454545454	4.030249746561077	1.7232221099458285	0.1503694581280788	0.34856321839080456	0.1136288998357964	0.09577175697865353	0.10213464696223316	0.006896551724137932	0.14815270935960592	es
ep-09-03-12-014-02	en	nonnatives	NN_Spain	30.0	0.05	0.016666666666666666	0.016666666666666666	1.0	0.0	0.0	0.0	0.0	1.5	1.5	0.0	0.3	0.9	0.0	0.5	1.0	0.5	0.0	0.25	0.0	0.0	1.0	0.0	0.0	0.5	0.0	0.0	0.0	0.1111111111111111	0.0	0.0	1.0	0.5	0.0	0.5714285714285714	3.0515350877192984	1.7894736842105263	0.0	0.25	0.0	0.0	0.0	0.25	0.0	es
ep-09-03-24-004-17	en	nonnatives	NN_Spain	7.0	0	0	0	0	0	0	0	0	0	0	0	0	0	0	0	0	0	0	0	0	0	0	0	0	0	0	0	0	0	0	0	0	0	0	0	0	0	0.0	0.0	0.0	0.0	0.0	0.0	0.0	es
ep-09-04-21-017	en	nonnatives	NN_Spain	33.35294117647059	0.029982363315696647	0.005291005291005291	0.0	0.5294117647058824	0.23529411764705882	0.23529411764705882	0.0	0.0	0.5294117647058824	2.6470588235294117	1.5294117647058822	0.42504409171075835	0.9563492063492064	0.0	0.4117647058823529	0.6607142857142857	0.17857142857142858	0.14285714285714285	0.4107142857142857	0.058823529411764705	0.4117647058823529	0.8235294117647058	0.4117647058823529	0.058823529411764705	0.0	0.23529411764705882	0.058823529411764705	0.058823529411764705	0.03896103896103896	0.0	0.0	2.1176470588235294	0.23529411764705882	0.01763668430335097	0.603448275862069	4.0904780405376835	1.6996870209802777	0.05742296918767506	0.3799719887955182	0.07654061624649859	0.11134453781512604	0.058333333333333334	0.0	0.13991596638655462	es
ep-09-04-24-005-03	en	nonnatives	NN_Spain	24.133333333333333	0.049723756906077346	0.011049723756906077	0.0027624309392265192	0.8	0.0	0.2	0.0	0.0	0.7333333333333333	1.4666666666666666	0.8	0.3839779005524862	0.9788732394366197	0.0	0.3333333333333333	1.0	0.14705882352941177	0.14705882352941177	0.35294117647058826	0.06666666666666667	0.06666666666666667	0.4	0.0	0.0	0.0	0.0	0.13333333333333333	0.06666666666666667	0.0	0.023255813953488372	0.3333333333333333	1.2666666666666666	0.26666666666666666	0.03038674033149171	0.5	3.6727766188143542	1.6883853443439565	0.2611111111111111	0.24999999999999997	0.027777777777777776	0.02222222222222222	0.027777777777777776	0.06666666666666667	0.14444444444444443	es
ep-09-11-24-005	en	nonnatives	NN_Spain	27.75	0.009009009009009009	0.0	0.0	0.25	0.0	0.5	0.0	0.0	0.75	2.75	1.25	0.35135135135135137	0.975	0.0	0.0	1.2857142857142858	0.0	0.0	0.5714285714285714	0.0	0.5	0.75	0.0	0.0	0.25	0.5	0.0	0.0	0.0	0.0	0.0	1.25	0.0	0.02702702702702703	0.9	3.9498633358759214	1.53738259224361	0.25	0.0	0.25	0.0	0.25	0.0	0.0	es
ep-09-11-25-013	en	nonnatives	NN_Spain	35.25	0.03546099290780142	0.014184397163120567	0.0035460992907801418	1.125	0.0	0.5	0.0	0.0	0.625	1.625	0.625	0.35815602836879434	0.9528301886792453	0.0	0.5	0.64	0.24	0.16	0.24	0.0	0.25	1.125	0.625	0.0	0.0	0.0	0.125	0.0	0.13333333333333333	0.0	0.0	2.5	0.0	0.028368794326241134	0.5	4.0762035992426995	1.7231684797858864	0.15625	0.30625	0.05625	0.03125	0.03125	0.025	0.39375	es
ep-10-02-25-009	en	nonnatives	NN_Spain	46.75	0.040106951871657755	0.0	0.0	1.375	0.0	0.75	0.0	0.0	1.0	3.75	2.125	0.43315508021390375	0.9700598802395209	0.0	0.5	0.7894736842105263	0.13157894736842105	0.13157894736842105	0.3157894736842105	0.0	0.375	1.5	0.625	0.125	0.25	0.0	0.0	0.0	0.09803921568627451	0.058823529411764705	0.25	3.111111111111111	0.0	0.0053475935828877	0.5609756097560976	4.879845792005176	2.0669594498526047	0.34074074074074073	0.25	0.05	0.05	0.05	0.05555555555555555	0.2037037037037037	es
ep-10-03-09-007	en	nonnatives	NN_Spain	49.8	0.03614457831325301	0.008032128514056224	0.004016064257028112	0.2	0.2	0.0	0.0	0.0	0.6	2.4	1.2	0.42168674698795183	0.9375	0.0	0.0	0.4642857142857143	0.25	0.17857142857142858	0.14285714285714285	0.0	0.2	2.2	0.0	0.0	0.6	0.4	0.0	0.0	0.07692307692307693	0.0	0.2	4.6	0.0	0.024096385542168676	0.6	5.313910498789863	1.7198321968514605	0.18333333333333332	0.23333333333333334	0.05	0.26666666666666666	0.05	0.03333333333333333	0.1833333333333333	es
ep-10-03-10-008	en	nonnatives	NN_Spain	32.541666666666664	0.028169014084507043	0.0076824583866837385	0.0	0.7083333333333334	0.0	0.125	0.0	0.0	0.4583333333333333	2.25	1.75	0.35979513444302175	0.9429530201342282	0.0	0.25	0.68	0.2	0.09333333333333334	0.3466666666666667	0.041666666666666664	0.5	0.9166666666666666	0.20833333333333334	0.08333333333333333	0.125	0.2916666666666667	0.041666666666666664	0.041666666666666664	0.011111111111111112	0.044444444444444446	0.375	1.9166666666666667	0.25	0.006402048655569782	0.6164383561643836	3.756618308311315	1.5565932162110545	0.15104166666666666	0.21388888888888888	0.14131944444444444	0.10121527777777777	0.11215277777777777	0.05295138888888889	0.10243055555555557	es
ep-10-03-25-011	en	nonnatives	NN_Spain	48.45454545454545	0.0300187617260788	0.009380863039399626	0.0	1.2727272727272727	0.09090909090909091	0.09090909090909091	0.0	0.0	0.36363636363636365	2.909090909090909	2.6363636363636362	0.39587242026266417	0.9461883408071748	0.0	0.36363636363636365	0.6862745098039216	0.11764705882352941	0.1568627450980392	0.37254901960784315	0.09090909090909091	0.6363636363636364	1.0909090909090908	0.2727272727272727	0.2727272727272727	0.09090909090909091	0.18181818181818182	0.2727272727272727	0.0	0.07142857142857142	0.0	0.18181818181818182	3.0	0.18181818181818182	0.01125703564727955	0.6046511627906976	3.883391796184367	2.2133581343087787	0.10714285714285712	0.12932900432900432	0.14339826839826839	0.08225108225108226	0.1304112554112554	0.1753246753246753	0.1412337662337662	es
ep-10-05-05-014	en	nonnatives	NN_Spain	50.25	0.024875621890547265	0.011194029850746268	0.0012437810945273632	0.875	0.125	0.1875	0.0	0.0	0.4375	2.9375	3.75	0.32960199004975127	0.8386075949367089	0.0	0.25	0.7	0.05714285714285714	0.14285714285714285	0.5857142857142857	0.1875	1.0	1.0	0.3125	0.625	0.125	0.125	0.0625	0.0	0.0	0.0273972602739726	0.375	2.9375	0.1875	0.008706467661691543	0.4666666666666667	3.8856155655026337	2.2383356386172486	0.1949404761904762	0.06517857142857143	0.23809523809523808	0.0	0.2599702380952381	0.1324404761904762	0.046875	es
ep-10-05-06-012	en	nonnatives	NN_Spain	27.0	0.0411522633744856	0.012345679012345678	0.0	0.1111111111111111	0.0	0.3333333333333333	0.1111111111111111	0.0	0.2222222222222222	1.5555555555555556	2.2222222222222223	0.34156378600823045	0.8924731182795699	0.0	0.0	0.7391304347826086	0.21739130434782608	0.08695652173913043	0.34782608695652173	0.0	0.3333333333333333	0.5555555555555556	0.0	0.1111111111111111	0.0	0.0	0.2222222222222222	0.0	0.0	0.0	0.1111111111111111	1.5555555555555556	0.4444444444444444	0.02880658436213992	0.4090909090909091	3.225920850707378	1.588131326295463	0.0962962962962963	0.0	0.1148148148148148	0.0	0.1148148148148148	0.08148148148148149	0.14814814814814814	es
ep-10-05-18-009	en	nonnatives	NN_Spain	40.833333333333336	0.026530612244897958	0.012244897959183673	0.0	1.0833333333333333	0.0	0.08333333333333333	0.0	0.0	0.4166666666666667	2.1666666666666665	2.3333333333333335	0.3408163265306122	0.9027027027027027	0.0	0.08333333333333333	0.6842105263157895	0.02631578947368421	0.15789473684210525	0.34210526315789475	0.08333333333333333	0.5	0.5833333333333334	0.08333333333333333	0.0	0.08333333333333333	0.16666666666666666	0.0	0.0	0.0	0.0	0.08333333333333333	1.3333333333333333	0.4166666666666667	0.012244897959183673	0.5625	4.2640698575024425	1.6658470561676773	0.1740689865689866	0.19284188034188035	0.15865384615384615	0.07081807081807083	0.15865384615384615	0.0782967032967033	0.0	es
ep-10-05-19-007	en	nonnatives	NN_Spain	47.333333333333336	0.04929577464788732	0.01056338028169014	0.0	0.6666666666666666	0.0	0.3333333333333333	0.0	0.0	0.6666666666666666	2.0	2.1666666666666665	0.3908450704225352	0.9568965517241379	0.0	0.0	0.625	0.1875	0.15625	0.25	0.0	0.16666666666666666	1.1666666666666667	0.16666666666666666	0.16666666666666666	0.16666666666666666	0.16666666666666666	0.0	0.0	0.12	0.04	0.16666666666666666	4.166666666666667	0.0	0.01056338028169014	0.4666666666666667	4.80996076290194	1.5815644521526873	0.4226190476190476	0.20595238095238091	0.023809523809523808	0.13095238095238093	0.023809523809523808	0.08095238095238096	0.1119047619047619	es
ep-10-05-20-012-03	en	nonnatives	NN_Spain	22.2	0.05405405405405406	0.0	0.009009009009009009	0.6	0.0	0.8	0.2	0.0	0.4	1.8	0.0	0.3963963963963964	0.9361702127659575	0.0	0.8	0.5882352941176471	0.11764705882352941	0.0	0.17647058823529413	0.0	0.0	0.4	0.4	0.0	0.0	0.2	0.0	0.0	0.0	0.0	0.2	2.4	0.2	0.009009009009009009	0.4	3.812904483430799	1.3723196881091617	0.05	0.1	0.0	0.05	0.0	0.0	0.6	es
ep-10-06-15-008	en	nonnatives	NN_Spain	36.38461538461539	0.023255813953488372	0.009513742071881607	0.0	1.1538461538461537	0.0	0.23076923076923078	0.038461538461538464	0.0	0.2692307692307692	1.9615384615384615	1.4615384615384615	0.3572938689217759	0.9388888888888889	0.0	0.15384615384615385	0.6538461538461539	0.1282051282051282	0.14102564102564102	0.358974358974359	0.0	0.5	0.38461538461538464	0.0	0.11538461538461539	0.07692307692307693	0.038461538461538464	0.038461538461538464	0.038461538461538464	0.060240963855421686	0.03614457831325301	0.15384615384615385	1.5384615384615385	0.3076923076923077	0.011627906976744186	0.7246376811594203	3.716473348731547	1.7825043961976144	0.18115218115218118	0.2796287046287046	0.1122877122877123	0.04104229104229104	0.09397269397269398	0.06726606726606726	0.07080419580419581	es
ep-10-07-08-008	en	nonnatives	NN_Spain	31.416666666666668	0.01856763925729443	0.007957559681697613	0.0	1.1666666666666667	0.0	0.25	0.08333333333333333	0.0	0.4166666666666667	2.1666666666666665	1.3333333333333333	0.41644562334217505	0.9751552795031055	0.0	0.16666666666666666	0.8	0.03333333333333333	0.2	0.5666666666666667	0.0	0.5	0.8333333333333334	0.16666666666666666	0.08333333333333333	0.16666666666666666	0.16666666666666666	0.08333333333333333	0.0	0.06818181818181818	0.022727272727272728	0.08333333333333333	1.5	0.16666666666666666	0.010610079575596816	0.71875	3.956551737546184	1.7795251559576686	0.3125	0.06388888888888888	0.1208333333333333	0.13194444444444445	0.10694444444444444	0.013888888888888888	0.0	es
ep-10-10-07-013	en	nonnatives	NN_Spain	39.148148148148145	0.017029328287606435	0.007568590350047304	0.0	1.5555555555555556	0.0	0.2962962962962963	0.0	0.0	0.48148148148148145	2.111111111111111	1.1481481481481481	0.3651844843897824	0.9437652811735942	0.0	0.1111111111111111	0.6	0.21052631578947367	0.17894736842105263	0.37894736842105264	0.037037037037037035	0.2222222222222222	0.8148148148148148	0.18518518518518517	0.2222222222222222	0.037037037037037035	0.1111111111111111	0.07407407407407407	0.037037037037037035	0.019801980198019802	0.019801980198019802	0.18518518518518517	2.111111111111111	0.14814814814814814	0.01229895931882687	0.7526881720430108	4.253209072270593	1.7167736081750147	0.22689594356261023	0.1300705467372134	0.07222222222222222	0.048500881834215165	0.06296296296296296	0.005291005291005291	0.23183421516754846	es
ep-10-10-18-017	en	nonnatives	NN_Spain	5.0	0.2	0.0	0.0	0.0	0.0	0.0	0.0	0.0	0.0	0.0	0.0	0.4	1.0	0.0	0.0	1.0	0.0	0.0	0.0	0.0	0.0	0.0	0.0	0.0	0.0	0.0	0.0	0.0	0	0	0.0	0.0	1.0	0.0	0.5	2.3333333333333335	0.3333333333333333	0.0	0.0	0.0	0.0	0.0	0.0	0.0	es
ep-10-10-19-009	en	nonnatives	NN_Spain	73.58333333333333	0.006795016987542469	0.0022650056625141564	0.0	2.9166666666666665	0.0	0.5	0.08333333333333333	0.0	0.5833333333333334	5.0	3.25	0.3103057757644394	0.7762039660056658	0.0	0.4166666666666667	0.4148936170212766	0.20212765957446807	0.30851063829787234	0.5531914893617021	0.08333333333333333	0.25	2.0	0.16666666666666666	0.16666666666666666	0.25	0.0	0.0	0.0	0.011904761904761904	0.03571428571428571	0.08333333333333333	6.166666666666667	0.16666666666666666	0.0022650056625141564	0.8641975308641975	4.602278792804923	1.6829588419263617	0.5277077497665733	0.15336718020541548	0.04907796451914099	0.024305555555555552	0.023751167133520074	0.014297385620915032	0.12415966386554622	es
ep-10-10-20-007	en	nonnatives	NN_Spain	39.733333333333334	0.01174496644295302	0.0016778523489932886	0.0	1.0333333333333334	0.06666666666666667	0.06666666666666667	0.03333333333333333	0.0	0.4	3.1333333333333333	1.1333333333333333	0.40604026845637586	0.9641434262948207	0.0	0.26666666666666666	0.56	0.18	0.13	0.46	0.0	0.4	0.7666666666666667	0.26666666666666666	0.06666666666666667	0.13333333333333333	0.1	0.0	0.06666666666666667	0.057971014492753624	0.014492753623188406	0.2	1.8064516129032258	0.16129032258064516	0.008389261744966443	0.8105263157894737	4.304880389189179	1.8559984813783053	0.30061443932411674	0.23617511520737325	0.09393241167434717	0.042242703533026116	0.07296466973886329	0.008064516129032258	0.18149001536098308	es
ep-10-10-21-008	en	nonnatives	NN_Spain	38.666666666666664	0.0054858934169279	0.006269592476489028	0.0	1.0909090909090908	0.030303030303030304	0.24242424242424243	0.030303030303030304	0.0	0.3333333333333333	2.757575757575758	1.6666666666666667	0.3628526645768025	0.9645833333333333	0.0	0.21212121212121213	0.55	0.18	0.12	0.52	0.030303030303030304	0.45454545454545453	0.42424242424242425	0.18181818181818182	0.15151515151515152	0.12121212121212122	0.15151515151515152	0.0	0.0	0.022058823529411766	0.0	0.18181818181818182	1.696969696969697	0.30303030303030304	0.007836990595611285	0.8354430379746836	4.004025586660771	1.6943705062350594	0.24653679653679655	0.2955266955266955	0.12034632034632034	0.022222222222222223	0.09004329004329004	0.004329004329004329	0.06948051948051948	es
ep-10-11-11-009	en	nonnatives	NN_Spain	57.23076923076923	0.008064516129032258	0.006720430107526882	0.0	2.576923076923077	0.19230769230769232	0.2692307692307692	0.038461538461538464	0.0	0.5384615384615384	4.384615384615385	2.1923076923076925	0.40053763440860213	0.9226006191950464	0.0	0.34615384615384615	0.5323741007194245	0.17985611510791366	0.20863309352517986	0.43884892086330934	0.0	0.5	1.1153846153846154	0.23076923076923078	0.15384615384615385	0.23076923076923078	0.23076923076923078	0.038461538461538464	0.038461538461538464	0.041176470588235294	0.023529411764705882	0.2692307692307692	3.3076923076923075	0.07692307692307693	0.013440860215053764	0.8416666666666667	4.705458010305078	2.1136123613993014	0.3213346482577252	0.15310650887573965	0.1044543063773833	0.09561965811965813	0.07721071663379356	0.0623767258382643	0.07051282051282051	es
ep-10-11-23-009	en	nonnatives	NN_Spain	37.48717948717949	0.008891928864569083	0.006155950752393981	0.0	1.0	0.02564102564102564	0.15384615384615385	0.02564102564102564	0.0	0.3076923076923077	2.3333333333333335	1.4871794871794872	0.3426812585499316	0.9159049360146252	0.0	0.15384615384615385	0.5785123966942148	0.1652892561983471	0.23140495867768596	0.36363636363636365	0.07692307692307693	0.28205128205128205	0.6153846153846154	0.05128205128205128	0.1794871794871795	0.15384615384615385	0.1282051282051282	0.02564102564102564	0.02564102564102564	0.013986013986013986	0.013986013986013986	0.23076923076923078	1.7692307692307692	0.3076923076923077	0.008207934336525308	0.7835051546391752	3.906372061567234	1.7703635845720214	0.17808302808302806	0.2123321123321123	0.11929181929181928	0.03382173382173382	0.08998778998778999	0.060683760683760676	0.10067155067155066	es
ep-10-11-24-009	en	nonnatives	NN_Spain	27.75	0.018018018018018018	0.005405405405405406	0.0	0.75	0.05	0.2	0.0	0.0	0.55	1.45	1.05	0.34054054054054056	0.9642857142857143	0.0	0.2	0.782608695652174	0.13043478260869565	0.13043478260869565	0.4782608695652174	0.05	0.25	0.5	0.05	0.05	0.05	0.15	0.05	0.15	0.0392156862745098	0.0	0.3	1.05	0.35	0.009009009009009009	0.717391304347826	3.839355835663974	1.5303306401308359	0.12666666666666665	0.14833333333333334	0.10999999999999999	0.09166666666666666	0.10999999999999999	0.0	0.06333333333333332	es
ep-10-11-25-009	en	nonnatives	NN_Spain	43.6	0.009174311926605505	0.0	0.0	1.6	0.0	0.2	0.0	0.0	0.8	3.0	2.6	0.3532110091743119	0.927710843373494	0.0	0.6	0.5	0.05555555555555555	0.3333333333333333	0.5555555555555556	0.0	0.2	1.8	0.4	0.2	0.0	0.0	0.0	0.2	0.047619047619047616	0.0	0.2	2.4	0.2	0.009174311926605505	0.7333333333333333	3.6720496894409935	1.6967908902691513	0.14666666666666667	0.3466666666666666	0.04	0.10666666666666666	0.04	0.04	0.08	es
ep-10-12-14-010	en	nonnatives	NN_Spain	39.8780487804878	0.014678899082568808	0.00672782874617737	0.0	1.3414634146341464	0.12195121951219512	0.3170731707317073	0.024390243902439025	0.0	0.5609756097560976	2.4634146341463414	1.6097560975609757	0.37737003058103974	0.9506933744221879	0.0	0.3170731707317073	0.5714285714285714	0.17006802721088435	0.24489795918367346	0.43537414965986393	0.07317073170731707	0.4146341463414634	0.7317073170731707	0.24390243902439024	0.12195121951219512	0.04878048780487805	0.21951219512195122	0.04878048780487805	0.024390243902439025	0.06395348837209303	0.005813953488372093	0.24390243902439024	2.1463414634146343	0.12195121951219512	0.011009174311926606	0.768	4.019646813579292	1.7165437054328618	0.2874867444326617	0.13812806140483763	0.10610008584557894	0.07939958592132505	0.06235671362924809	0.015464828561329089	0.1647225167903853	es
ep-10-12-15-010	en	nonnatives	NN_Spain	40.55555555555556	0.00821917808219178	0.00821917808219178	0.0	2.111111111111111	0.0	0.1111111111111111	0.0	0.0	0.4444444444444444	2.888888888888889	0.2222222222222222	0.3972602739726027	0.8895705521472392	0.0	0.3333333333333333	0.6333333333333333	0.2	0.13333333333333333	0.4	0.0	0.0	1.1111111111111112	0.4444444444444444	0.1111111111111111	0.1111111111111111	0.1111111111111111	0.0	0.0	0.021739130434782608	0.0	0.0	1.7777777777777777	0.3333333333333333	0.01643835616438356	0.90625	3.9937449828754175	1.6715334584899804	0.2037037037037037	0.2037037037037037	0.0	0.12962962962962962	0.0	0.018518518518518517	0.0	es
ep-10-12-16-007	en	nonnatives	NN_Spain	38.1578947368421	0.005517241379310344	0.012413793103448275	0.0	1.631578947368421	0.15789473684210525	0.21052631578947367	0.10526315789473684	0.0	0.15789473684210525	2.8947368421052633	1.8421052631578947	0.40827586206896554	0.9704918032786886	0.0	0.3157894736842105	0.609375	0.125	0.1875	0.375	0.05263157894736842	0.42105263157894735	0.5789473684210527	0.05263157894736842	0.2631578947368421	0.05263157894736842	0.2631578947368421	0.05263157894736842	0.05263157894736842	0.056179775280898875	0.0	0.15789473684210525	1.894736842105263	0.15789473684210525	0.006896551724137931	0.8275862068965517	4.026822177305137	1.704700961325393	0.21830143540669855	0.2705342902711324	0.08014354066985646	0.08771929824561404	0.07137161084529504	0.05263157894736842	0.11403508771929824	es
ep-10-12-16-010-02	en	nonnatives	NN_Spain	37.0	0.021621621621621623	0.010810810810810811	0.0	2.0	0.4	0.2	0.0	0.0	0.8	2.8	0.2	0.3945945945945946	0.9605263157894737	0.0	0.0	0.6875	0.375	0.0625	0.5	0.2	0.0	0.4	0.2	0.0	0.0	0.2	0.0	0.0	0.0	0.0	0.0	1.4	0.0	0.010810810810810811	0.5625	5.253110596516416	1.8879716622129012	0.1	0.0	0.05	0.05	0.05	0.0	0.35	es
ep-11-01-18-008	en	nonnatives	NN_Spain	48.89473684210526	0.002152852529601722	0.00968783638320775	0.0	1.5263157894736843	0.05263157894736842	0.15789473684210525	0.0	0.0	0.3684210526315789	3.3157894736842106	1.6842105263157894	0.32508073196986004	0.9041916167664671	0.0	0.47368421052631576	0.6190476190476191	0.1746031746031746	0.20634920634920634	0.6349206349206349	0.10526315789473684	0.2631578947368421	0.5789473684210527	0.2631578947368421	0.0	0.15789473684210525	0.2631578947368421	0.05263157894736842	0.05263157894736842	0.022988505747126436	0.0	0.21052631578947367	1.736842105263158	0.3157894736842105	0.006458557588805167	0.9180327868852459	4.00138662790929	2.092474027164164	0.16447368421052633	0.1764705882352941	0.098297213622291	0.04785861713106295	0.098297213622291	0.012770897832817337	0.03341073271413828	es
ep-11-01-19-007	en	nonnatives	NN_Spain	37.39393939393939	0.012155591572123177	0.005672609400324149	0.0	1.5151515151515151	0.030303030303030304	0.09090909090909091	0.030303030303030304	0.0	0.2727272727272727	2.727272727272727	1.5151515151515151	0.4059967585089141	0.9653179190751445	0.0	0.15151515151515152	0.5412844036697247	0.22018348623853212	0.1651376146788991	0.4954128440366973	0.030303030303030304	0.3939393939393939	0.6363636363636364	0.2727272727272727	0.09090909090909091	0.21212121212121213	0.030303030303030304	0.0	0.030303030303030304	0.0234375	0.0390625	0.24242424242424243	1.878787878787879	0.2727272727272727	0.01620745542949757	0.8390804597701149	4.116777822010597	1.7397269152145456	0.21590909090909088	0.2704545454545455	0.10319865319865319	0.043350168350168354	0.085016835016835	0.045454545454545456	0.1457070707070707	es
ep-11-01-20-008	en	nonnatives	NN_Spain	41.421052631578945	0.015247776365946633	0.007623888182973317	0.0012706480304955528	2.1578947368421053	0.0	0.15789473684210525	0.10526315789473684	0.0	0.3157894736842105	3.5789473684210527	1.0526315789473684	0.40660736975857686	0.9302325581395349	0.0	0.10526315789473684	0.6666666666666666	0.12280701754385964	0.10526315789473684	0.49122807017543857	0.15789473684210525	0.21052631578947367	0.42105263157894735	0.42105263157894735	0.21052631578947367	0.05263157894736842	0.3684210526315789	0.05263157894736842	0.0	0.030927835051546393	0.010309278350515464	0.15789473684210525	1.263157894736842	0.21052631578947367	0.0063532401524777635	0.7818181818181819	3.939797623505905	1.6111661075023107	0.17105263157894737	0.2517543859649123	0.1087719298245614	0.10526315789473684	0.0912280701754386	0.043859649122807015	0.12280701754385963	es
ep-11-01-20-011-03	en	nonnatives	NN_Spain	35.0	0.04	0.02857142857142857	0.0	1.8	0.2	0.4	0.0	0.0	0.5	2.5	1.1	0.43714285714285717	0.9683544303797469	0.0	0.9	0.5	0.15217391304347827	0.08695652173913043	0.30434782608695654	0.0	0.4	0.9	0.3	0.0	0.1	0.3	0.2	0.1	0.03636363636363636	0.0	0.0	2.4	0.0	0.011428571428571429	0.5428571428571428	4.803024750934365	1.6125190918184653	0.10333333333333335	0.09999999999999999	0.09999999999999999	0.06999999999999999	0.05	0.0	0.5766666666666667	es
ep-11-02-03-009	en	nonnatives	NN_Spain	42.857142857142854	0.011666666666666667	0.016666666666666666	0.0	1.3571428571428572	0.0	0.2857142857142857	0.07142857142857142	0.0	0.2857142857142857	3.7857142857142856	1.2857142857142858	0.39	0.9473684210526315	0.0	0.21428571428571427	0.5192307692307693	0.19230769230769232	0.1346153846153846	0.5192307692307693	0.07142857142857142	0.2857142857142857	0.7857142857142857	0.2857142857142857	0.07142857142857142	0.07142857142857142	0.35714285714285715	0.0	0.0	0.06493506493506493	0.0	0.0	1.9285714285714286	0.21428571428571427	0.015	0.8936170212765957	4.271947443677902	1.9045706671008218	0.16071428571428573	0.2857142857142857	0.08928571428571429	0.023809523809523808	0.08928571428571429	0.023809523809523808	0.1130952380952381	es
ep-11-02-15-009	en	nonnatives	NN_Spain	32.88461538461539	0.011695906432748537	0.007017543859649123	0.0	0.8076923076923077	0.0	0.07692307692307693	0.0	0.0	0.34615384615384615	2.269230769230769	1.6153846153846154	0.38128654970760234	0.9588235294117647	0.0	0.23076923076923078	0.5822784810126582	0.12658227848101267	0.17721518987341772	0.4810126582278481	0.038461538461538464	0.38461538461538464	0.6153846153846154	0.11538461538461539	0.19230769230769232	0.19230769230769232	0.15384615384615385	0.07692307692307693	0.0	0.011904761904761904	0.023809523809523808	0.34615384615384615	1.6153846153846154	0.23076923076923078	0.00935672514619883	0.8253968253968254	3.6379770785625287	1.6975680253552028	0.11474358974358975	0.22371794871794876	0.10961538461538461	0.07051282051282051	0.07435897435897436	0.060897435897435896	0.23076923076923073	es
ep-11-02-16-007	en	nonnatives	NN_Spain	77.0	0.025974025974025976	0.012987012987012988	0.0	2.0	0.0	0.0	0.0	0.0	1.0	5.0	1.0	0.35064935064935066	0.8181818181818182	0.0	1.0	0.2727272727272727	0.45454545454545453	0.18181818181818182	0.2727272727272727	0.0	0.0	2.0	0.0	0.0	0.0	0.0	0.0	0.0	0.0	0.0	0.0	9.0	0.0	0.012987012987012988	0.9090909090909091	4.1	2.0142857142857142	0.3333333333333333	0.0	0.0	0.0	0.0	0.16666666666666666	0.5	es
ep-11-03-07-018	en	nonnatives	NN_Spain	33.2	0.0	0.006024096385542169	0.0	1.4	0.0	0.0	0.0	0.0	0.0	3.2	0.8	0.41566265060240964	0.971830985915493	0.0	0.8	0.6363636363636364	0.09090909090909091	0.09090909090909091	0.5454545454545454	0.2	0.2	0.4	0.2	0.0	0.0	0.2	0.0	0.0	0.0	0.0	0.2	1.0	0.2	0.012048192771084338	0.9	3.691323129927781	2.01316769363281	0.0	0.6466666666666666	0.08	0.06666666666666667	0.0	0.06666666666666667	0.13999999999999999	es
ep-11-03-08-010	en	nonnatives	NN_Spain	31.08823529411765	0.006622516556291391	0.007568590350047304	0.0	0.7647058823529411	0.029411764705882353	0.23529411764705882	0.0	0.0	0.4117647058823529	1.8529411764705883	1.088235294117647	0.4181646168401135	0.9464668094218416	0.0	0.35294117647058826	0.5833333333333334	0.25	0.10416666666666667	0.4583333333333333	0.029411764705882353	0.17647058823529413	0.5588235294117647	0.11764705882352941	0.058823529411764705	0.11764705882352941	0.058823529411764705	0.11764705882352941	0.029411764705882353	0.042735042735042736	0.017094017094017096	0.14705882352941177	1.7941176470588236	0.14705882352941177	0.007568590350047304	0.8469387755102041	3.761277264082629	1.5083435329561155	0.22745098039215683	0.396078431372549	0.0588235294117647	0.0	0.041666666666666664	0.05490196078431372	0.16225490196078432	es
ep-11-03-09-011	en	nonnatives	NN_Spain	42.82608695652174	0.009137055837563452	0.006091370558375634	0.0	1.8695652173913044	0.0	0.08695652173913043	0.0	0.0	0.30434782608695654	2.652173913043478	1.3478260869565217	0.36243654822335025	0.8858560794044665	0.0	0.21739130434782608	0.64	0.2	0.14666666666666667	0.52	0.0	0.391304347826087	0.43478260869565216	0.30434782608695654	0.21739130434782608	0.0	0.043478260869565216	0.0	0.043478260869565216	0.03529411764705882	0.023529411764705882	0.2608695652173913	1.7391304347826086	0.2608695652173913	0.009137055837563452	0.8305084745762712	4.14547637492462	1.8709903222449393	0.26387163561076604	0.09824016563146998	0.08737060041407867	0.04606625258799172	0.06563146997929606	0.08012422360248447	0.09782608695652174	es
ep-11-03-10-010	en	nonnatives	NN_Spain	56.888888888888886	0.00390625	0.0	0.0	2.2222222222222223	0.3333333333333333	0.3333333333333333	0.0	0.0	0.7777777777777778	4.222222222222222	1.8888888888888888	0.33984375	0.883248730964467	0.0	0.3333333333333333	0.696969696969697	0.12121212121212122	0.24242424242424243	0.5454545454545454	0.1111111111111111	0.4444444444444444	1.3333333333333333	0.1111111111111111	0.0	0.1111111111111111	0.4444444444444444	0.0	0.0	0.03278688524590164	0.0	0.1111111111111111	3.4444444444444446	0.2222222222222222	0.01953125	0.8275862068965517	4.035221487816193	1.6295357501622294	0.12908496732026142	0.16209150326797384	0.09640522875816994	0.022222222222222223	0.08986928104575163	0.07614379084967321	0.09084967320261438	es
ep-11-03-24-007	en	nonnatives	NN_Spain	36.666666666666664	0.004545454545454545	0.004545454545454545	0.0	0.8333333333333334	0.3333333333333333	0.16666666666666666	0.16666666666666666	0.0	0.3333333333333333	2.1666666666666665	1.8333333333333333	0.2590909090909091	0.8507462686567164	0.0	0.3333333333333333	0.6153846153846154	0.0	0.6153846153846154	0.15384615384615385	0.0	0.5	0.16666666666666666	0.16666666666666666	0.16666666666666666	0.16666666666666666	0.16666666666666666	0.0	0.0	0.045454545454545456	0.0	0.16666666666666666	1.1666666666666667	0.5	0.0	0.875	3.065873015873016	1.181870525988173	0.0	0.125	0.25	0.0	0.25	0.041666666666666664	0.16666666666666666	es
ep-11-04-05-005	en	nonnatives	NN_Spain	35.1578947368421	0.016467065868263474	0.0029940119760479044	0.0	0.9473684210526315	0.05263157894736842	0.2631578947368421	0.05263157894736842	0.0	0.5263157894736842	2.736842105263158	1.3157894736842106	0.41317365269461076	0.9419795221843004	0.0	0.3684210526315789	0.6290322580645161	0.16129032258064516	0.20967741935483872	0.3870967741935484	0.0	0.2631578947368421	1.105263157894737	0.2631578947368421	0.10526315789473684	0.3684210526315789	0.0	0.0	0.05263157894736842	0.02702702702702703	0.02702702702702703	0.05263157894736842	2.3157894736842106	0.21052631578947367	0.016467065868263474	0.7735849056603774	4.232319562009188	1.5319430564443735	0.2771929824561403	0.218859649122807	0.048684210526315795	0.03026315789473684	0.048684210526315795	0.0	0.16578947368421051	es
ep-11-04-06-009	en	nonnatives	NN_Spain	36.56410256410256	0.006311360448807854	0.0070126227208976155	0.0	1.205128205128205	0.02564102564102564	0.15384615384615385	0.0	0.0	0.2564102564102564	2.641025641025641	0.9743589743589743	0.33660589060308554	0.9230769230769231	0.0	0.1282051282051282	0.5648148148148148	0.1111111111111111	0.23148148148148148	0.5185185185185185	0.0	0.1794871794871795	0.48717948717948717	0.10256410256410256	0.02564102564102564	0.05128205128205128	0.20512820512820512	0.02564102564102564	0.07692307692307693	0.014084507042253521	0.007042253521126761	0.1794871794871795	1.4871794871794872	0.2564102564102564	0.0091164095371669	0.8454545454545455	3.981033616069196	1.5997973907221419	0.441025641025641	0.183028083028083	0.05964590964590964	0.04700854700854701	0.046825396825396826	0.04084249084249084	0.027777777777777776	es
ep-11-04-07-005	en	nonnatives	NN_Spain	23.8	0.04201680672268908	0.008403361344537815	0.0056022408963585435	1.0	0.0	0.26666666666666666	0.0	0.0	0.4666666666666667	1.9333333333333333	0.6	0.36694677871148457	0.9492753623188406	0.0	0.4666666666666667	0.9655172413793104	0.06896551724137931	0.06896551724137931	0.3793103448275862	0.06666666666666667	0.06666666666666667	0.4666666666666667	0.3333333333333333	0.0	0.0	0.06666666666666667	0.13333333333333333	0.13333333333333333	0.0	0.0	0.6	0.8666666666666667	0.4	0.0028011204481792717	0.5384615384615384	3.6068169086389816	1.4545904750298524	0.05555555555555555	0.4833333333333334	0.04444444444444444	0.03888888888888888	0.04444444444444444	0.0	0.06666666666666667	es
ep-11-04-07-007	en	nonnatives	NN_Spain	71.44444444444444	0.015552099533437015	0.02177293934681182	0.0	5.222222222222222	0.0	1.3333333333333333	0.3333333333333333	0.0	0.6666666666666666	4.666666666666667	2.5555555555555554	0.401244167962675	0.9314079422382672	0.0	0.5555555555555556	0.65625	0.125	0.0625	0.390625	0.0	0.5555555555555556	1.5555555555555556	0.2222222222222222	0.3333333333333333	0.2222222222222222	0.4444444444444444	0.0	0.0	0.0	0.03333333333333333	0.2222222222222222	3.7777777777777777	0.1111111111111111	0.00933125972006221	0.7241379310344828	4.653247805000961	2.0804344001779245	0.2251506663271369	0.32989559460147694	0.06682369917664036	0.10113742466683644	0.03904592139886257	0.18149987267634327	0.05644682115270351	es
ep-11-04-07-010-02	en	nonnatives	NN_Spain	33.0	0.07878787878787878	0.006060606060606061	0.01818181818181818	0.2	0.2	0.4	0.0	0.0	1.0	1.0	0.2	0.30303030303030304	0.9615384615384616	0.0	1.0	0.8947368421052632	0.15789473684210525	0.15789473684210525	0.10526315789473684	0.0	0.0	1.6	0.2	0.0	0.2	0.0	0.2	0.0	0.0	0.0	0.4	3.4	0.0	0.012121212121212121	0.5172413793103449	4.183177998472116	2.046282149223326	0.16666666666666666	0.6833333333333333	0.0	0.08333333333333333	0.0	0.0	0.06666666666666667	es
ep-11-05-10-012	en	nonnatives	NN_Spain	36.69642857142857	0.01119221411192214	0.0038929440389294406	0.00048661800486618007	0.7857142857142857	0.0	0.08928571428571429	0.0	0.0	0.17857142857142858	2.767857142857143	0.9107142857142857	0.3469586374695864	0.9271781534460338	0.0	0.16071428571428573	0.6917293233082706	0.11278195488721804	0.17293233082706766	0.5037593984962406	0.05357142857142857	0.125	0.5178571428571429	0.10714285714285714	0.05357142857142857	0.03571428571428571	0.07142857142857142	0.017857142857142856	0.03571428571428571	0.010526315789473684	0.010526315789473684	0.07142857142857142	1.0	0.5535714285714286	0.0038929440389294406	0.6666666666666666	3.8921903832401012	1.9679902452392088	0.11755952380952381	0.1349702380952381	0.06324404761904763	0.03928571428571429	0.04538690476190477	0.029017857142857144	0.07053571428571428	es
ep-11-05-11-006	en	nonnatives	NN_Spain	37.724137931034484	0.016453382084095063	0.009140767824497258	0.0	1.2758620689655173	0.034482758620689655	0.1724137931034483	0.0	0.0	0.2413793103448276	2.7586206896551726	2.0689655172413794	0.3555758683729433	0.9350961538461539	0.0	0.06896551724137931	0.46017699115044247	0.13274336283185842	0.1504424778761062	0.35398230088495575	0.034482758620689655	0.4827586206896552	0.7931034482758621	0.20689655172413793	0.13793103448275862	0.10344827586206896	0.13793103448275862	0.06896551724137931	0.034482758620689655	0.04	0.01	0.13793103448275862	2.310344827586207	0.2413793103448276	0.006398537477148081	0.7738095238095238	4.177825583294103	1.6178806905221323	0.2584685598377282	0.07471264367816091	0.16984448951994588	0.02129817444219067	0.14800540906017579	0.00980392156862745	0.1454530087897228	es
ep-11-05-12-013	en	nonnatives	NN_Spain	63.666666666666664	0.007198952879581152	0.0058900523560209425	0.0006544502617801048	2.875	0.08333333333333333	0.375	0.041666666666666664	0.0	0.5	4.958333333333333	1.5833333333333333	0.387434554973822	0.8642335766423358	0.0	0.7083333333333334	0.484375	0.25	0.171875	0.578125	0.08333333333333333	0.3333333333333333	1.0416666666666667	0.375	0.08333333333333333	0.08333333333333333	0.4166666666666667	0.125	0.0	0.05555555555555555	0.022222222222222223	0.08333333333333333	3.7083333333333335	0.25	0.010471204188481676	0.8532110091743119	4.656395543171561	1.8901492578898857	0.39340952603575324	0.25209056857899775	0.03365711057681604	0.010343618513323983	0.02749671631158307	0.03842332865825152	0.11957913132527438	es
ep-11-05-12-016-03	en	nonnatives	NN_Spain	33.333333333333336	0.04	0.0	0.0	2.3333333333333335	0.0	0.0	0.0	0.0	0.0	2.0	1.0	0.44	1.0	0.0	0.0	0.5555555555555556	0.0	0.1111111111111111	0.6666666666666666	0.0	0.3333333333333333	0.3333333333333333	0.0	0.3333333333333333	0.0	1.0	0.0	0.0	0.0	0.0	0.0	0.6666666666666666	0.6666666666666666	0.02	0.5714285714285714	4.175854883016008	1.7626219569953585	0.2222222222222222	0.0	0.1111111111111111	0.3333333333333333	0.0	0.0	0.0	es
ep-11-06-07-009	en	nonnatives	NN_Spain	35.666666666666664	0.009345794392523364	0.004672897196261682	0.0	0.8333333333333334	0.0	0.5	0.08333333333333333	0.0	0.16666666666666666	2.25	1.5833333333333333	0.4088785046728972	0.9358288770053476	0.0	0.3333333333333333	0.5609756097560976	0.0975609756097561	0.1951219512195122	0.2926829268292683	0.0	0.5	0.5	0.4166666666666667	0.16666666666666666	0.08333333333333333	0.08333333333333333	0.0	0.08333333333333333	0.05128205128205128	0.0	0.3333333333333333	2.1666666666666665	0.16666666666666666	0.004672897196261682	0.7647058823529411	4.018579113371191	1.4864015140030118	0.24166666666666667	0.2416666666666667	0.11944444444444442	0.013888888888888888	0.061111111111111116	0.041666666666666664	0.19722222222222222	es
ep-11-06-08-007	en	nonnatives	NN_Spain	34.4	0.012790697674418604	0.012790697674418604	0.0	1.52	0.0	0.12	0.08	0.0	0.36	3.04	1.04	0.40232558139534885	0.947945205479452	0.0	0.36	0.5733333333333334	0.16	0.21333333333333335	0.4266666666666667	0.0	0.36	0.88	0.08	0.2	0.08	0.0	0.08	0.0	0.10185185185185185	0.018518518518518517	0.08	1.6	0.32	0.0069767441860465115	0.782608695652174	3.883090286710687	1.72016703014825	0.26476190476190475	0.3214285714285714	0.09904761904761904	0.06	0.08904761904761903	0.0	0.08571428571428572	es
ep-11-06-09-009	en	nonnatives	NN_Spain	157.0	0.009554140127388535	0.006369426751592357	0.0	10.5	0.0	0.0	0.0	0.0	0.5	13.0	3.0	0.3471337579617834	0.8790322580645161	0.0	0.0	0.3333333333333333	0.2916666666666667	0.2916666666666667	0.5833333333333334	0.0	0.5	1.0	0.5	0.0	0.0	0.5	0.0	0.0	0.0	0.0	0.0	9.0	0.0	0.006369426751592357	0.8421052631578947	6.237422406148389	2.578155483298847	0.461038961038961	0.045454545454545456	0.07142857142857142	0.11688311688311688	0.0	0.16233766233766234	0.14285714285714285	es
ep-98-05-28	en	nonnatives	NN_Spain	73.0	0.0	0.0136986301369863	0.0	3.0	0.0	0.0	0.0	0.0	1.0	9.0	2.0	0.273972602739726	0.8695652173913043	0.0	1.0	0.6	0.0	0.6	0.6	0.0	0.0	3.0	0.0	0.0	0.0	0.0	0.0	0.0	0.0	0.0	0.0	3.0	0.0	0.0	1.0	4.723076923076923	2.646153846153846	0.0	0.3333333333333333	0.0	0.3333333333333333	0.0	0.3333333333333333	0.0	es
ep-99-10-06	en	nonnatives	NN_Spain	25.818181818181817	0.02464788732394366	0.014084507042253521	0.0	0.18181818181818182	0.0	0.18181818181818182	0.0	0.0	0.2727272727272727	2.3636363636363638	0.7272727272727273	0.397887323943662	0.9576271186440678	0.0	0.2727272727272727	0.7407407407407407	0.14814814814814814	0.07407407407407407	0.18518518518518517	0.0	0.18181818181818182	0.7272727272727273	0.18181818181818182	0.09090909090909091	0.2727272727272727	0.18181818181818182	0.0	0.0	0.024390243902439025	0.0975609756097561	0.5454545454545454	1.8181818181818181	0.0	0.007042253521126761	0.7241379310344828	3.8794049017766223	1.5228289482612203	0.4848484848484848	0.19696969696969696	0.0303030303030303	0.045454545454545456	0.01515151515151515	0.0	0.13636363636363635	es
ep-99-10-27	en	nonnatives	NN_Spain	20.25	0.030864197530864196	0.006172839506172839	0.0	0.25	0.125	0.0	0.0	0.0	0.25	2.5	1.25	0.4012345679012346	0.9848484848484849	0.0	0.625	1.1666666666666667	0.0	0.0	0.08333333333333333	0.0	0.375	0.5	0.0	0.125	0.0	0.125	0.0	0.0	0.02857142857142857	0.08571428571428572	0.0	0.625	0.625	0.018518518518518517	0.7222222222222222	3.32937030075188	1.507324561403509	0.020833333333333332	0.40625	0.11458333333333333	0.03125	0.11458333333333333	0.0	0.0625	es
ep-99-12-01	en	nonnatives	NN_Spain	20.7	0.07246376811594203	0.028985507246376812	0.004830917874396135	0.4	0.0	0.1	0.0	0.0	0.6	1.1	0.4	0.37681159420289856	0.9629629629629629	0.0	0.4	0.72	0.48	0.0	0.16	0.0	0.1	0.4	0.0	0.0	0.0	0.1	0.1	0.0	0.041666666666666664	0.041666666666666664	0.1	1.5	0.4	0.01932367149758454	0.4444444444444444	3.753398290412021	1.1917804777644596	0.15333333333333332	0.3433333333333334	0.02	0.2033333333333333	0.02	0.0	0.16	es
ep-99-12-02	en	nonnatives	NN_Spain	31.666666666666668	0.042105263157894736	0.010526315789473684	0.015789473684210527	1.0	0.16666666666666666	0.3333333333333333	0.0	0.0	0.16666666666666666	2.8333333333333335	1.1666666666666667	0.37894736842105264	0.972972972972973	0.0	0.6666666666666666	0.7	0.05	0.05	0.15	0.16666666666666666	0.16666666666666666	0.3333333333333333	0.16666666666666666	0.16666666666666666	0.0	0.16666666666666666	0.3333333333333333	0.16666666666666666	0.037037037037037035	0.07407407407407407	0.0	2.0	0.16666666666666666	0.010526315789473684	0.6363636363636364	3.6874428417599483	1.9576921343249944	0.1111111111111111	0.40277777777777785	0.06944444444444443	0.041666666666666664	0.05555555555555555	0.0	0.15277777777777776	es
ep-99-12-14	en	nonnatives	NN_Spain	27.0	0.009259259259259259	0.0	0.0	0.25	0.25	0.0	0.0	0.0	0.5	2.0	1.75	0.3611111111111111	1.0	0.0	0.25	0.875	0.25	0.125	0.0	0.0	0.25	0.75	0.0	0.0	0.0	0.25	0.0	0.0	0.0	0.0	0.0	1.25	0.0	0.0	0.9090909090909091	3.3629832810867297	2.306765935214211	0.0	0.5416666666666666	0.08333333333333333	0.08333333333333333	0.08333333333333333	0.0	0.20833333333333331	es
ep-01-01-17	en	nonnatives	NN_Germany	28.0	0.07142857142857142	0.03571428571428571	0.0	0.0	0.0	0.0	0.0	0.0	1.0	0.0	1.0	0.39285714285714285	1.0	0.0	0.0	1.0	0.3333333333333333	0.0	0.3333333333333333	0.0	0.0	2.0	0.0	0.0	0.0	0.0	0.0	0.0	0.0	0.0	0.0	3.0	0.0	0.0	0.8	3.9583333333333335	1.375	0.3333333333333333	0.6666666666666666	0.0	0.0	0.0	0.0	0.0	de
ep-01-02-15	en	nonnatives	NN_Germany	28.0	0.008928571428571428	0.0	0.0	0.5	0.0	0.75	0.0	0.0	0.75	0.5	0.75	0.3482142857142857	0.975	0.0	0.5	1.1	0.0	0.1	0.1	0.0	0.5	0.75	0.0	0.25	0.25	1.0	0.0	0.25	0.07692307692307693	0.0	0.5	2.0	0.25	0.0	0.7857142857142857	4.264258658008657	1.5647727272727272	0.05	0.475	0.175	0.0	0.05	0.0	0.0	de
ep-01-12-13	en	nonnatives	NN_Germany	15.5	0.03225806451612903	0.0	0.0	0.5	0.0	0.0	0.0	0.0	0.5	3.5	1.0	0.41935483870967744	0.9285714285714286	0.0	0.0	0.6666666666666666	0.0	0.3333333333333333	0.0	0.0	0.0	0.0	0.0	0.0	0.0	0.0	0.0	0.0	0.25	0.0	0.0	0.0	1.0	0.0	0.6666666666666666	3.6071428571428568	2.2142857142857144	0.0	0.0	0.0	0.0	0.0	0.0	0.0	de
ep-02-01-16	en	nonnatives	NN_Germany	20.333333333333332	0.09836065573770492	0.01639344262295082	0.0	0.3333333333333333	0.0	0.16666666666666666	0.0	0.0	0.3333333333333333	1.0	1.0	0.3770491803278688	1.0	0.0	1.0	1.0	0.125	0.0	0.0	0.0	0.0	0.8333333333333334	0.0	0.0	0.16666666666666666	0.16666666666666666	0.3333333333333333	0.3333333333333333	0.0	0.0	0.3333333333333333	1.0	0.3333333333333333	0.01639344262295082	0.2	3.346106987554356	1.8745058547690128	0.0	0.873015873015873	0.0	0.07539682539682539	0.0	0.0	0.05158730158730159	de
ep-03-06-02	en	nonnatives	NN_Germany	28.772727272727273	0.009478672985781991	0.00315955766192733	0.0	1.0454545454545454	0.0	0.2727272727272727	0.0	0.0	0.3181818181818182	2.772727272727273	0.9090909090909091	0.4218009478672986	0.956989247311828	0.0	0.3181818181818182	0.75	0.038461538461538464	0.15384615384615385	0.40384615384615385	0.09090909090909091	0.2727272727272727	0.4090909090909091	0.18181818181818182	0.22727272727272727	0.045454545454545456	0.2727272727272727	0.13636363636363635	0.0	0.09574468085106383	0.02127659574468085	0.22727272727272727	1.0454545454545454	0.5	0.00631911532385466	0.8076923076923077	3.754582010258288	1.5841927984725712	0.16511707988980714	0.3419421487603306	0.08402203856749312	0.060950413223140494	0.07455234159779614	0.008264462809917356	0.03787878787878787	de
ep-03-12-17	en	nonnatives	NN_Germany	37.714285714285715	0.015151515151515152	0.015151515151515152	0.0	1.7142857142857142	0.0	0.2857142857142857	0.0	0.0	0.42857142857142855	1.5714285714285714	0.7142857142857143	0.3977272727272727	0.9813084112149533	0.0	0.14285714285714285	0.5454545454545454	0.36363636363636365	0.045454545454545456	0.36363636363636365	0.0	0.14285714285714285	0.7142857142857143	0.42857142857142855	0.0	0.0	0.0	0.0	0.0	0.16	0.0	0.14285714285714285	2.142857142857143	0.14285714285714285	0.011363636363636364	0.76	4.261713505518261	1.6535391383027014	0.32142857142857145	0.10714285714285714	0.03571428571428571	0.03571428571428571	0.03571428571428571	0.0	0.32142857142857145	de
ep-04-03-09	en	nonnatives	NN_Germany	29.142857142857142	0.0196078431372549	0.0	0.004901960784313725	1.0	0.0	0.0	0.0	0.0	0.42857142857142855	2.7142857142857144	0.2857142857142857	0.46568627450980393	0.95	0.0	0.8571428571428571	0.631578947368421	0.3157894736842105	0.05263157894736842	0.5263157894736842	0.0	0.2857142857142857	0.42857142857142855	0.0	0.2857142857142857	0.14285714285714285	0.14285714285714285	0.14285714285714285	0.14285714285714285	0.06060606060606061	0.0	0.14285714285714285	1.8571428571428572	0.14285714285714285	0.0	0.7368421052631579	3.5532196230050244	1.5317307358518402	0.07142857142857142	0.5476190476190476	0.06547619047619048	0.0	0.06547619047619048	0.03571428571428571	0.21428571428571427	de
ep-04-10-28	en	nonnatives	NN_Germany	11.0	0.0	0.09090909090909091	0.0	0.0	0.0	0.0	0.0	0.0	0.0	0.0	0.0	0.36363636363636365	1.0	0.0	0.0	1.0	0.0	0.0	1.0	0.0	0.0	0.0	0.0	0.0	0.0	0.0	0.0	0.0	0	0	0.0	0.0	1.0	0.09090909090909091	1.0	2.625	1.125	0.0	0.0	0.0	0.0	0.0	0.0	0.0	de
ep-04-11-16	en	nonnatives	NN_Germany	15.071428571428571	0.023696682464454975	0.014218009478672985	0.0	0.2857142857142857	0.0	0.14285714285714285	0.0	0.0	0.5	1.4285714285714286	0.7142857142857143	0.3791469194312796	1.0	0.0	0.2857142857142857	0.8947368421052632	0.21052631578947367	0.15789473684210525	0.42105263157894735	0.0	0.0	0.07142857142857142	0.0	0.0	0.0	0.07142857142857142	0.0	0.0	0.038461538461538464	0.038461538461538464	0.0	0.5714285714285714	0.5714285714285714	0.009478672985781991	0.6923076923076923	2.9290775916549907	1.118564613920651	0.07142857142857142	0.5714285714285714	0.0	0.0	0.0	0.07142857142857142	0.07142857142857142	de
ep-05-01-13	en	nonnatives	NN_Germany	44.0	0.0	0.0	0.0	1.0	0.0	0.0	0.0	0.0	0.0	4.0	3.0	0.4318181818181818	0.95	0.0	1.0	0.6	0.2	0.2	0.4	1.0	1.0	1.0	0.0	0.0	0.0	0.0	0.0	0.0	0.0	0.0	0.0	3.0	0.0	0.022727272727272728	0	4.512820512820513	1.5128205128205128	0.1111111111111111	0.1111111111111111	0.2222222222222222	0.1111111111111111	0.2222222222222222	0.1111111111111111	0.1111111111111111	de
ep-05-03-09	en	nonnatives	NN_Germany	26.470588235294116	0.03111111111111111	0.0044444444444444444	0.0	0.6176470588235294	0.08823529411764706	0.29411764705882354	0.029411764705882353	0.0	0.4411764705882353	1.588235294117647	0.7941176470588235	0.38	0.9473684210526315	0.0	0.29411764705882354	0.8987341772151899	0.17721518987341772	0.06329113924050633	0.4177215189873418	0.0	0.23529411764705882	0.6470588235294118	0.20588235294117646	0.14705882352941177	0.029411764705882353	0.29411764705882354	0.029411764705882353	0.029411764705882353	0.009345794392523364	0.018691588785046728	0.20588235294117646	1.1764705882352942	0.4411764705882353	0.013333333333333334	0.660377358490566	3.7431687311415818	1.5105860338589896	0.08676470588235295	0.32976190476190476	0.06715686274509804	0.11939775910364145	0.06715686274509804	0.004201680672268907	0.11967787114845937	de
ep-05-04-11	en	nonnatives	NN_Germany	23.153846153846153	0.04983388704318937	0.006644518272425249	0.0	0.8461538461538461	0.15384615384615385	0.15384615384615385	0.0	0.0	0.9230769230769231	1.5384615384615385	1.0	0.40863787375415284	0.984	0.0	0.07692307692307693	1.2083333333333333	0.125	0.125	0.375	0.0	0.23076923076923078	0.8461538461538461	0.07692307692307693	0.07692307692307693	0.0	0.15384615384615385	0.07692307692307693	0.07692307692307693	0.022222222222222223	0.022222222222222223	0.07692307692307693	1.0	0.38461538461538464	0.009966777408637873	0.5675675675675675	3.8674962755020137	1.6883835532207452	0.038461538461538464	0.14102564102564102	0.0705128205128205	0.19230769230769232	0.02564102564102564	0.019230769230769232	0.20512820512820512	de
ep-05-05-10	en	nonnatives	NN_Germany	30.0	0.02666666666666667	0.01	0.0	0.6	0.1	0.3	0.0	0.0	0.6	3.2	1.6	0.39	0.9069767441860465	0.0	0.3	0.6944444444444444	0.2222222222222222	0.1388888888888889	0.4444444444444444	0.0	0.3	0.8	0.0	0.2	0.0	0.1	0.0	0.2	0.0	0.02564102564102564	0.3	2.4	0.3	0.01	0.7142857142857143	3.9186023108436907	1.9748544798113763	0.24952380952380948	0.14857142857142858	0.08666666666666666	0.15	0.06666666666666667	0.0	0.19857142857142857	de
ep-05-06-23	en	nonnatives	NN_Germany	19.666666666666668	0.00847457627118644	0.00847457627118644	0.0	0.5	0.0	0.16666666666666666	0.0	0.0	0.5	1.1666666666666667	0.6666666666666666	0.3898305084745763	0.9583333333333334	0.0	0.3333333333333333	0.6363636363636364	0.09090909090909091	0.2727272727272727	0.36363636363636365	0.0	0.0	0.16666666666666666	0.16666666666666666	0.5	0.0	0.0	0.0	0.0	0.4117647058823529	0.0	0.16666666666666666	1.0	0.3333333333333333	0.025423728813559324	0.75	3.2004544406994495	1.5903071855884923	0.16666666666666666	0.5	0.0	0.0	0.0	0.0	0.16666666666666666	de
ep-05-11-14	en	nonnatives	NN_Germany	20.0	0.06666666666666667	0.008333333333333333	0.0	0.16666666666666666	0.0	0.6666666666666666	0.0	0.0	1.1666666666666667	1.1666666666666667	0.5	0.39166666666666666	1.0	0.0	0.3333333333333333	1.0666666666666667	0.13333333333333333	0.06666666666666667	0.06666666666666667	0.0	0.0	0.5	0.0	0.0	0.0	0.3333333333333333	0.16666666666666666	0.0	0.15789473684210525	0.0	0.5	1.8333333333333333	0.16666666666666666	0.008333333333333333	0.29411764705882354	3.5884259259259257	1.4050925925925926	0.0	0.4305555555555556	0.0	0.2847222222222222	0.0	0.0	0.2847222222222222	de
ep-05-12-15	en	nonnatives	NN_Germany	27.4	0.0072992700729927005	0.0	0.0	1.0	0.0	0.2	0.0	0.0	0.8	1.8	1.0	0.36496350364963503	0.9615384615384616	0.0	0.2	1.0	0.125	0.125	1.125	0.0	0.2	0.4	0.4	0.0	0.2	0.0	0.0	0.2	0.0	0.0	0.2	1.0	0.4	0.0072992700729927005	0.7777777777777778	3.3022770398481973	1.724389626818469	0.0	0.4	0.1	0.0	0.0	0.0	0.3	de
ep-06-03-14	en	nonnatives	NN_Germany	24.0	0.041666666666666664	0.022435897435897436	0.0	0.6923076923076923	0.0	0.07692307692307693	0.0	0.0	0.46153846153846156	0.6923076923076923	0.5384615384615384	0.3782051282051282	0.9672131147540983	0.0	0.6923076923076923	0.896551724137931	0.10344827586206896	0.1724137931034483	0.5517241379310345	0.07692307692307693	0.23076923076923078	0.9230769230769231	0.07692307692307693	0.07692307692307693	0.0	0.0	0.0	0.0	0.0	0.0	0.23076923076923078	1.3846153846153846	0.23076923076923078	0.016025641025641024	0.6052631578947368	3.9172103978424984	1.615968774428354	0.05128205128205128	0.4038461538461538	0.09615384615384616	0.02564102564102564	0.05769230769230768	0.01282051282051282	0.1987179487179487	de
ep-06-04-03	en	nonnatives	NN_Germany	23.0	0.06521739130434782	0.010869565217391304	0.0	0.25	0.0	0.0	0.0	0.0	0.75	1.75	0.75	0.34782608695652173	0.9411764705882353	0.0	0.75	1.0	0.1	0.1	0.0	0.0	0.25	0.75	0.25	0.0	0.5	0.0	0.0	0.0	0.0	0.0	0.0	1.0	0.25	0.010869565217391304	0.4	3.2678336156597023	1.6882646339168077	0.0	0.41666666666666663	0.0625	0.125	0.0625	0.0	0.08333333333333333	de
ep-06-04-06	en	nonnatives	NN_Germany	25.285714285714285	0.03672316384180791	0.01694915254237288	0.0	0.6428571428571429	0.14285714285714285	0.6428571428571429	0.07142857142857142	0.0	0.2857142857142857	1.7857142857142858	1.1428571428571428	0.3926553672316384	0.9788732394366197	0.0	0.21428571428571427	0.7948717948717948	0.1794871794871795	0.05128205128205128	0.10256410256410256	0.0	0.35714285714285715	0.35714285714285715	0.07142857142857142	0.0	0.0	0.07142857142857142	0.14285714285714285	0.07142857142857142	0.06818181818181818	0.022727272727272728	0.21428571428571427	1.7142857142857142	0.21428571428571427	0.011299435028248588	0.5121951219512195	4.031942453449118	1.1892863660079775	0.03571428571428571	0.25476190476190474	0.08928571428571429	0.049999999999999996	0.08928571428571429	0.0	0.3380952380952381	de
ep-06-05-17	en	nonnatives	NN_Germany	31.666666666666668	0.017543859649122806	0.010526315789473684	0.0	0.8888888888888888	0.0	0.2222222222222222	0.0	0.0	0.4444444444444444	1.1111111111111112	0.3333333333333333	0.3894736842105263	0.9487179487179487	0.0	0.6666666666666666	0.5714285714285714	0.25	0.07142857142857142	0.42857142857142855	0.0	0.2222222222222222	0.7777777777777778	0.4444444444444444	0.1111111111111111	0.2222222222222222	0.2222222222222222	0.3333333333333333	0.0	0.08333333333333333	0.041666666666666664	0.5555555555555556	2.0	0.1111111111111111	0.010526315789473684	0.7692307692307693	3.929585023787922	1.5539386372719706	0.17407407407407408	0.3185185185185185	0.05925925925925926	0.06481481481481481	0.022222222222222223	0.0	0.25	de
ep-06-06-01	en	nonnatives	NN_Germany	13.5	0.037037037037037035	0.0	0.0	0.5	0.0	0.0	0.0	0.0	0.5	0.0	0.0	0.2962962962962963	1.0	0.0	0.5	1.0	0.5	0.0	0.5	0.0	0.0	0.0	0.0	0.0	0.0	0.0	0.0	0.0	0.0	0.0	0.0	0.5	0.5	0.0	0.3333333333333333	2.7153846153846155	1.2769230769230768	0.0	0.25	0.0	0.0	0.0	0.0	0.25	de
ep-06-07-06	en	nonnatives	NN_Germany	17.333333333333332	0.0	0.0	0.0	0.3333333333333333	0.0	0.0	0.0	0.0	0.0	1.3333333333333333	0.6666666666666666	0.4807692307692308	1.0	0.0	0.3333333333333333	0.8	0.0	0.0	0.6	0.0	0.6666666666666666	0.0	0.0	0.0	0.0	0.0	0.0	0.0	0.2	0.0	0.0	0.0	1.0	0.019230769230769232	1.0	3.505555555555556	1.0194444444444444	0.0	0.1111111111111111	0.2222222222222222	0.1111111111111111	0.2222222222222222	0.0	0.0	de
ep-06-09-27	en	nonnatives	NN_Germany	27.333333333333332	0.06585365853658537	0.00975609756097561	0.004878048780487805	1.0666666666666667	0.3333333333333333	0.4666666666666667	0.06666666666666667	0.0	0.9333333333333333	1.3333333333333333	0.4	0.3829268292682927	0.9691358024691358	0.0	0.6	0.9772727272727273	0.18181818181818182	0.06818181818181818	0.22727272727272727	0.0	0.06666666666666667	0.8	0.13333333333333333	0.0	0.13333333333333333	0.2	0.13333333333333333	0.2	0.13793103448275862	0.0	0.3333333333333333	2.066666666666667	0.13333333333333333	0.00975609756097561	0.39215686274509803	3.5807109676318123	1.7582619746844155	0.01111111111111111	0.3079365079365079	0.009523809523809523	0.25396825396825395	0.009523809523809523	0.06666666666666667	0.20793650793650795	de
ep-06-11-30-009	en	nonnatives	NN_Germany	25.166666666666668	0.019867549668874173	0.0	0.0	0.3333333333333333	0.0	0.16666666666666666	0.0	0.0	0.0	2.0	1.3333333333333333	0.3443708609271523	0.9811320754716981	0.0	0.16666666666666666	0.6875	0.0625	0.1875	0.125	0.0	0.3333333333333333	0.8333333333333334	0.0	0.16666666666666666	0.16666666666666666	0.0	0.0	0.0	0.07142857142857142	0.0	0.6666666666666666	1.0	0.5	0.013245033112582781	0.6875	3.698649961149961	1.6793803418803421	0.08333333333333333	0.2916666666666667	0.08333333333333333	0.125	0.08333333333333333	0.0	0.16666666666666666	de
ep-07-02-01-004	en	nonnatives	NN_Germany	23.058823529411764	0.0663265306122449	0.007653061224489796	0.0	0.47058823529411764	0.0	0.29411764705882354	0.0	0.0	1.1764705882352942	1.1764705882352942	0.7058823529411765	0.3494897959183674	0.9647887323943662	0.0	0.23529411764705882	1.303030303030303	0.09090909090909091	0.09090909090909091	0.2727272727272727	0.0	0.23529411764705882	0.7647058823529411	0.29411764705882354	0.0	0.058823529411764705	0.058823529411764705	0.11764705882352941	0.17647058823529413	0.06	0.0	0.11764705882352941	1.5294117647058822	0.29411764705882354	0.02040816326530612	0.375	3.2483665348968724	1.577990587761651	0.12745098039215685	0.3810924369747899	0.041736694677871146	0.07408963585434174	0.06134453781512604	0.014705882352941176	0.123109243697479	de
ep-07-06-27-006	en	nonnatives	NN_Germany	22.0	0.01818181818181818	0.00909090909090909	0.0	0.5	0.0	0.2	0.0	0.0	0.4	1.3	1.5	0.39545454545454545	0.9886363636363636	0.0	0.2	0.7272727272727273	0.13636363636363635	0.22727272727272727	0.13636363636363635	0.1	0.6	0.5	0.2	0.2	0.1	0.3	0.0	0.0	0.1111111111111111	0.1111111111111111	0.3	1.4	0.5	0.01818181818181818	0.6666666666666666	3.5076680672268905	1.7355870681605978	0.05	0.18666666666666665	0.20666666666666664	0.0	0.18666666666666665	0.025	0.145	de
ep-08-11-18-011	en	nonnatives	NN_Germany	5.0	0.4	0.0	0.0	0.0	0.0	0.0	0.0	0.0	0.0	0.0	0.0	0.2	1.0	0.0	0.0	1.0	0.0	0.0	0.0	0.0	0.0	0.0	0.0	0.0	0.0	0.0	0.0	0.0	0	0	0.0	0.0	1.0	0.0	0.0	2.0	0.3333333333333333	0.0	1.0	0.0	0.0	0.0	0.0	0.0	de
ep-09-02-03-011	en	nonnatives	NN_Germany	5.0	0	0	0	0	0	0	0	0	0	0	0	0	0	0	0	0	0	0	0	0	0	0	0	0	0	0	0	0	0	0	0	0	0	0	0	0	0	0.0	0.0	0.0	0.0	0.0	0.0	0.0	de
ep-09-09-16-004	en	nonnatives	NN_Germany	20.285714285714285	0.02112676056338028	0.014084507042253521	0.0	0.2857142857142857	0.0	0.0	0.0	0.0	0.2857142857142857	1.4285714285714286	0.2857142857142857	0.4014084507042254	0.9344262295081968	0.0	0.14285714285714285	0.6666666666666666	0.2	0.0	0.13333333333333333	0.0	0.0	0.7142857142857143	0.14285714285714285	0.0	0.2857142857142857	0.0	0.14285714285714285	0.0	0.0	0.0	0.0	0.8571428571428571	0.5714285714285714	0.007042253521126761	0.8333333333333334	3.2316272161038326	1.534796527306575	0.0	0.0	0.0	0.14285714285714285	0.0	0.0	0.42857142857142855	de
ep-09-11-11-023	en	nonnatives	NN_Germany	26.0	0.04326923076923077	0.014423076923076924	0.0	1.125	0.25	0.625	0.0	0.0	0.75	1.625	0.375	0.3605769230769231	0.9868421052631579	0.0	0.75	1.0526315789473684	0.10526315789473684	0.10526315789473684	0.15789473684210525	0.0	0.125	0.375	0.25	0.0	0.0	0.0	0.25	0.0	0.0	0.0	0.0	1.0	0.375	0.004807692307692308	0.43478260869565216	3.511829685622255	1.7951356074266291	0.0	0.3958333333333333	0.041666666666666664	0.35416666666666663	0.041666666666666664	0.0	0.041666666666666664	de
ep-09-11-24-005	en	nonnatives	NN_Germany	24.875	0.010050251256281407	0.0	0.0	0.5	0.0	0.25	0.0	0.0	0.5	1.75	1.5	0.32663316582914576	0.9701492537313433	0.0	0.0	1.0	0.07692307692307693	0.15384615384615385	0.3076923076923077	0.0	0.625	0.5	0.0	0.0	0.375	0.125	0.0	0.0	0.0	0.0	0.125	1.125	0.375	0.03015075376884422	0.7272727272727273	3.480691622318981	1.4349157648061643	0.15625	0.05208333333333333	0.22916666666666666	0.0	0.22916666666666666	0.020833333333333332	0.0625	de
ep-09-11-24-013	en	nonnatives	NN_Germany	6.0	0	0	0	0	0	0	0	0	0	0	0	0	0	0	0	0	0	0	0	0	0	0	0	0	0	0	0	0	0	0	0	0	0	0	0	0	0	0.0	0.0	0.0	0.0	0.0	0.0	0.0	de
ep-10-01-19-006	en	nonnatives	NN_Germany	30.833333333333332	0.07837837837837838	0.002702702702702703	0.005405405405405406	1.25	0.0	0.5	0.0	0.0	0.5833333333333334	1.6666666666666667	0.75	0.37567567567567567	0.972027972027972	0.0	0.3333333333333333	0.8636363636363636	0.20454545454545456	0.022727272727272728	0.13636363636363635	0.0	0.16666666666666666	0.8333333333333334	0.08333333333333333	0.0	0.0	0.0	0.5	0.16666666666666666	0.07692307692307693	0.02564102564102564	0.5833333333333334	1.6666666666666667	0.16666666666666666	0.016216216216216217	0.32075471698113206	3.762336244773032	1.8597649988764504	0.1625	0.4381944444444445	0.027083333333333334	0.19652777777777777	0.027083333333333334	0.07569444444444444	0.07291666666666667	de
ep-10-02-10-008	en	nonnatives	NN_Germany	22.333333333333332	0.050746268656716415	0.011940298507462687	0.0	0.6666666666666666	0.0	0.26666666666666666	0.06666666666666667	0.0	0.4	1.5333333333333334	0.4666666666666667	0.37910447761194027	0.9694656488549618	0.0	0.4	0.6944444444444444	0.2777777777777778	0.05555555555555555	0.2777777777777778	0.0	0.13333333333333333	0.3333333333333333	0.26666666666666666	0.06666666666666667	0.13333333333333333	0.06666666666666667	0.06666666666666667	0.06666666666666667	0.1875	0.0	0.2	1.2	0.26666666666666666	0.01791044776119403	0.5365853658536586	3.5445284906954737	1.5839089184060717	0.05555555555555555	0.3244444444444445	0.035555555555555556	0.14666666666666667	0.035555555555555556	0.0	0.2688888888888889	de
ep-10-02-25-009	en	nonnatives	NN_Germany	27.5	0.0	0.03636363636363636	0.0	0.5	0.0	0.0	0.0	0.0	0.0	0.5	0.0	0.36363636363636365	0.9523809523809523	0.0	0.5	1.0	0.0	0.0	1.5	0.0	0.0	0.0	0.0	0.0	0.0	0.0	0.0	0.0	0.0	0.0	0.0	0.0	1.0	0.03636363636363636	1.0	4.1212374581939795	1.2750836120401337	0.0	0.5	0.0	0.0	0.0	0.0	0.0	de
ep-10-03-10-008	en	nonnatives	NN_Germany	26.666666666666668	0.0375	0.0125	0.0	0.3333333333333333	0.0	0.0	0.0	0.0	0.3333333333333333	3.0	0.6666666666666666	0.45	1.0	0.0	0.3333333333333333	0.4	0.3	0.2	0.3	0.0	0.3333333333333333	0.6666666666666666	0.3333333333333333	0.0	0.0	0.0	0.0	0.0	0.0	0.07142857142857142	0.0	1.6666666666666667	0.0	0.0375	0.75	3.7419493177387917	1.8569200779727097	0.25	0.08333333333333333	0.08333333333333333	0.16666666666666666	0.08333333333333333	0.3333333333333333	0.0	de
ep-10-03-25-003	en	nonnatives	NN_Germany	22.733333333333334	0.07624633431085044	0.008797653958944282	0.0	0.6666666666666666	0.0	0.5333333333333333	0.0	0.0	0.6	0.9333333333333333	0.8666666666666667	0.36656891495601174	0.9615384615384616	0.0	0.4	1.0	0.14285714285714285	0.047619047619047616	0.07142857142857142	0.0	0.2	0.4666666666666667	0.2	0.2	0.13333333333333333	0.06666666666666667	0.0	0.0	0.0	0.022727272727272728	0.7333333333333333	1.6	0.06666666666666667	0.011730205278592375	0.3333333333333333	3.5221877916258726	1.6263062249641194	0.0	0.38888888888888895	0.06333333333333332	0.21333333333333335	0.06333333333333332	0.02222222222222222	0.24888888888888885	de
ep-10-05-05-013-53	en	nonnatives	NN_Germany	42.5	0.07058823529411765	0.0	0.0	1.0	0.0	0.0	0.0	0.0	0.5	1.0	0.0	0.23529411764705882	0.9090909090909091	0.0	1.0	0.75	0.375	0.0	0.5	0.0	0.0	1.5	0.0	0.0	0.0	0.0	0.0	0.0	0.0	0.0	0.5	1.5	0.0	0.011764705882352941	0.4	3.9663194444444443	2.417361111111111	0.08333333333333333	0.3333333333333333	0.0	0.3333333333333333	0.0	0.0	0.25	de
ep-10-05-19-007	en	nonnatives	NN_Germany	35.0	0.0	0.02857142857142857	0.0	2.0	0.0	0.0	0.0	0.0	0.0	4.0	1.0	0.34285714285714286	1.0	0.0	0.0	1.0	0.0	0.0	0.0	0.0	0.0	0.0	0.0	0.0	0.0	0.0	3.0	1.0	0.2857142857142857	0.0	1.0	0.0	1.0	0.0	1.0	3.310344827586207	2.4827586206896552	0.0	1.0	0.0	0.0	0.0	0.0	0.0	de
ep-10-06-15-008	en	nonnatives	NN_Germany	22.5	0.05555555555555555	0.005555555555555556	0.0	1.0	0.125	0.25	0.0	0.0	0.375	1.5	0.75	0.40555555555555556	1.0	0.0	0.375	0.7272727272727273	0.045454545454545456	0.3181818181818182	0.22727272727272727	0.125	0.25	0.75	0.25	0.125	0.0	0.0	0.125	0.25	0.22727272727272727	0.0	0.25	1.375	0.125	0.022222222222222223	0.35294117647058826	3.3781216807313057	1.3772060736751035	0.0	0.19791666666666666	0.13541666666666666	0.125	0.13541666666666666	0.0	0.15625	de
ep-10-10-19-005	en	nonnatives	NN_Germany	19.294117647058822	0.0701219512195122	0.01524390243902439	0.012195121951219513	0.7647058823529411	0.058823529411764705	0.23529411764705882	0.0	0.0	0.4117647058823529	1.1176470588235294	0.5882352941176471	0.3567073170731707	0.9435483870967742	0.0	0.35294117647058826	0.8421052631578947	0.21052631578947367	0.07894736842105263	0.10526315789473684	0.0	0.11764705882352941	0.23529411764705882	0.058823529411764705	0.058823529411764705	0.0	0.058823529411764705	0.11764705882352941	0.058823529411764705	0.06896551724137931	0.034482758620689655	0.17647058823529413	1.0	0.35294117647058826	0.018292682926829267	0.40425531914893614	3.4593976050996633	1.2818367497251126	0.04411764705882353	0.37254901960784315	0.03137254901960784	0.11176470588235293	0.03137254901960784	0.0	0.1735294117647059	de
ep-10-10-20-010	en	nonnatives	NN_Germany	31.5	0.06349206349206349	0.0	0.0	1.5	0.0	0.5	0.0	0.0	0.75	1.25	0.5	0.3888888888888889	0.9245283018867925	0.0	0.75	1.0	0.15384615384615385	0.0	0.3076923076923077	0.0	0.25	1.75	0.25	0.0	0.25	0.0	0.75	0.25	0.25	0.0	0.0	1.5	0.25	0.0	0.2	3.575934022257552	1.473858732682262	0.0	0.575	0.05	0.275	0.05	0.0	0.05	de
ep-10-10-21-008	en	nonnatives	NN_Germany	32.0	0.03125	0.0	0.0	2.3333333333333335	0.0	0.0	0.0	0.0	0.3333333333333333	2.3333333333333335	2.6666666666666665	0.375	0.972972972972973	0.0	0.3333333333333333	0.7777777777777778	0.0	0.1111111111111111	0.4444444444444444	0.0	1.0	0.3333333333333333	0.0	0.0	0.0	0.0	0.0	0.3333333333333333	0.0	0.0	0.3333333333333333	0.6666666666666666	0.3333333333333333	0.03125	0.4	3.6298221298221303	1.9752444752444756	0.08333333333333333	0.08333333333333333	0.21666666666666667	0.0	0.21666666666666667	0.06666666666666667	0.0	de
ep-10-11-24-009	en	nonnatives	NN_Germany	25.375	0.014778325123152709	0.0049261083743842365	0.0	0.75	0.0	0.0	0.0	0.0	0.5	3.25	0.375	0.4827586206896552	0.98	0.0	0.125	0.8	0.13333333333333333	0.26666666666666666	0.4666666666666667	0.0	0.0	0.375	0.125	0.25	0.25	0.0	0.0	0.0	0.075	0.0	0.25	1.0	0.375	0.019704433497536946	0.8125	3.2244078008344315	1.7103096179183135	0.0	0.40625	0.0	0.0	0.0	0.1875	0.03125	de
ep-10-12-13-021	en	nonnatives	NN_Germany	32.18181818181818	0.00847457627118644	0.00423728813559322	0.0	1.0	0.045454545454545456	0.13636363636363635	0.0	0.0	0.6818181818181818	2.727272727272727	0.8181818181818182	0.4194915254237288	0.9705882352941176	0.0	0.13636363636363635	0.7288135593220338	0.1694915254237288	0.2033898305084746	0.5084745762711864	0.0	0.18181818181818182	0.7727272727272727	0.3181818181818182	0.18181818181818182	0.045454545454545456	0.045454545454545456	0.09090909090909091	0.045454545454545456	0.05319148936170213	0.031914893617021274	0.18181818181818182	1.5	0.2727272727272727	0.012711864406779662	0.8253968253968254	4.00463878748297	1.7434489947755452	0.1093073593073593	0.35909090909090907	0.02857142857142857	0.22554112554112554	0.012987012987012986	0.0	0.08268398268398268	de
ep-10-12-13-022	en	nonnatives	NN_Germany	25.52173913043478	0.020442930153321975	0.010221465076660987	0.0	0.8695652173913043	0.0	0.08695652173913043	0.0	0.0	0.4782608695652174	2.0434782608695654	0.6956521739130435	0.46507666098807493	0.9715302491103203	0.0	0.08695652173913043	0.6551724137931034	0.15517241379310345	0.20689655172413793	0.3620689655172414	0.043478260869565216	0.21739130434782608	0.8260869565217391	0.21739130434782608	0.043478260869565216	0.0	0.21739130434782608	0.08695652173913043	0.043478260869565216	0.023529411764705882	0.011764705882352941	0.043478260869565216	1.2608695652173914	0.21739130434782608	0.015332197614991482	0.7307692307692307	3.6689561958395522	1.4873373064998723	0.20652173913043478	0.19927536231884058	0.09057971014492752	0.08333333333333333	0.06884057971014493	0.010869565217391304	0.12318840579710144	de
ep-11-01-18-015	en	nonnatives	NN_Germany	24.75609756097561	0.009852216748768473	0.002955665024630542	0.0	0.8780487804878049	0.04878048780487805	0.21951219512195122	0.0	0.0	0.43902439024390244	1.6097560975609757	1.0	0.42758620689655175	0.9644444444444444	0.0	0.2682926829268293	0.7551020408163265	0.15306122448979592	0.1326530612244898	0.32653061224489793	0.024390243902439025	0.3902439024390244	0.5365853658536586	0.14634146341463414	0.07317073170731707	0.07317073170731707	0.0975609756097561	0.024390243902439025	0.04878048780487805	0.042735042735042736	0.042735042735042736	0.17073170731707318	1.2682926829268293	0.2682926829268293	0.008866995073891626	0.8181818181818182	3.74864137394601	1.5825208635114008	0.14006968641114984	0.3272938443670151	0.1191637630662021	0.09169570267131243	0.07706155632984901	0.0	0.0983739837398374	de
ep-11-01-19-013	en	nonnatives	NN_Germany	32.84615384615385	0.03278688524590164	0.00702576112412178	0.0	1.6153846153846154	0.0	0.07692307692307693	0.0	0.0	0.3076923076923077	1.6153846153846154	0.9230769230769231	0.3981264637002342	0.9770114942528736	0.0	0.15384615384615385	0.6590909090909091	0.18181818181818182	0.045454545454545456	0.2727272727272727	0.0	0.23076923076923078	0.5384615384615384	0.07692307692307693	0.15384615384615385	0.23076923076923078	0.3076923076923077	0.07692307692307693	0.0	0.017857142857142856	0.017857142857142856	0.38461538461538464	1.8461538461538463	0.23076923076923078	0.01873536299765808	0.6595744680851063	3.678759567964354	1.7929072224935736	0.02403846153846154	0.5657051282051282	0.04807692307692308	0.04326923076923077	0.009615384615384616	0.014423076923076924	0.21794871794871792	de
ep-11-02-03-004	en	nonnatives	NN_Germany	31.7	0.056782334384858045	0.006309148264984227	0.0	1.1	0.1	0.5	0.1	0.0	0.4	2.4	1.2	0.4353312302839117	0.971830985915493	0.0	0.6	0.7692307692307693	0.1282051282051282	0.05128205128205128	0.20512820512820512	0.0	0.3	0.7	0.5	0.2	0.0	0.8	0.2	0.1	0.10416666666666667	0.020833333333333332	0.3	2.0	0.2	0.00946372239747634	0.4473684210526316	3.802738431643874	1.7229016334379643	0.125	0.24833333333333335	0.08333333333333333	0.15333333333333332	0.08333333333333333	0.03333333333333333	0.2733333333333333	de
ep-11-02-15-009	en	nonnatives	NN_Germany	28.666666666666668	0.03488372093023256	0.0	0.0	1.3333333333333333	0.0	0.3333333333333333	0.0	0.0	0.5	1.8333333333333333	1.0	0.46511627906976744	0.9876543209876543	0.0	0.16666666666666666	0.7333333333333333	0.13333333333333333	0.06666666666666667	0.5333333333333333	0.16666666666666666	0.0	0.8333333333333334	0.16666666666666666	0.3333333333333333	0.0	0.0	0.0	0.0	0.0	0.0	0.3333333333333333	1.6666666666666667	0.16666666666666666	0.01744186046511628	0.5	4.232224444123758	1.4473956794322926	0.15	0.11666666666666665	0.03333333333333333	0.0	0.03333333333333333	0.0	0.16666666666666666	de
ep-11-03-10-003	en	nonnatives	NN_Germany	26.714285714285715	0.016042780748663103	0.0038197097020626434	0.0007639419404125286	0.6938775510204082	0.04081632653061224	0.22448979591836735	0.0	0.0	0.42857142857142855	2.2653061224489797	0.9183673469387755	0.3964858670741024	0.9628942486085343	0.0	0.16326530612244897	0.7788461538461539	0.16346153846153846	0.15384615384615385	0.28846153846153844	0.08163265306122448	0.32653061224489793	0.3877551020408163	0.20408163265306123	0.08163265306122448	0.061224489795918366	0.14285714285714285	0.061224489795918366	0.02040816326530612	0.0125	0.0375	0.3673469387755102	1.1224489795918366	0.3469387755102041	0.009167303284950344	0.7475728155339806	3.7050518405834607	1.5961663524110836	0.27193877551020407	0.16156462585034012	0.132312925170068	0.04336734693877551	0.10255102040816327	0.006802721088435374	0.07738095238095237	de
ep-11-03-10-004	en	nonnatives	NN_Germany	20.0	0.031578947368421054	0.021052631578947368	0.0	0.6842105263157895	0.0	0.05263157894736842	0.0	0.0	0.42105263157894735	1.0526315789473684	0.47368421052631576	0.4342105263157895	0.9821428571428571	0.0	0.15789473684210525	0.5714285714285714	0.2619047619047619	0.07142857142857142	0.42857142857142855	0.05263157894736842	0.0	0.21052631578947367	0.47368421052631576	0.0	0.0	0.10526315789473684	0.0	0.0	0.03125	0.03125	0.0	1.0526315789473684	0.21052631578947367	0.005263157894736842	0.7380952380952381	3.4472333893807283	1.3474678505880986	0.13157894736842105	0.2631578947368421	0.013157894736842105	0.05263157894736842	0.013157894736842105	0.0	0.2631578947368421	de
ep-11-03-10-005	en	nonnatives	NN_Germany	28.391304347826086	0.019908116385911178	0.018376722817764167	0.0	0.6086956521739131	0.08695652173913043	0.17391304347826086	0.043478260869565216	0.0	0.391304347826087	1.7391304347826086	1.3043478260869565	0.40428790199081166	0.9635036496350365	0.0	0.30434782608695654	0.5074626865671642	0.208955223880597	0.23880597014925373	0.4925373134328358	0.0	0.2608695652173913	0.5652173913043478	0.2608695652173913	0.0	0.08695652173913043	0.13043478260869565	0.043478260869565216	0.043478260869565216	0.0	0.01694915254237288	0.13043478260869565	1.6956521739130435	0.08695652173913043	0.006125574272588055	0.7586206896551724	3.658191262218927	1.525282494881891	0.20289855072463767	0.27101449275362316	0.07391304347826086	0.02898550724637681	0.07391304347826086	0.043478260869565216	0.1318840579710145	de
ep-11-03-10-014-01	en	nonnatives	NN_Germany	25.0625	0.032418952618453865	0.017456359102244388	0.004987531172069825	1.0625	0.0	0.3125	0.0	0.0	0.3125	1.1875	1.25	0.36159600997506236	0.9863945578231292	0.0	0.1875	0.6888888888888889	0.24444444444444444	0.08888888888888889	0.2222222222222222	0.0	0.25	0.3125	0.0625	0.125	0.0625	0.125	0.0	0.0	0.03333333333333333	0.03333333333333333	0.0625	1.6875	0.1875	0.007481296758104738	0.6304347826086957	3.872801448053098	1.22908265847771	0.23958333333333331	0.2552083333333333	0.07812499999999999	0.020833333333333332	0.07812499999999999	0.020833333333333332	0.11979166666666666	de
ep-11-03-10-014-02	en	nonnatives	NN_Germany	24.27777777777778	0.02288329519450801	0.013729977116704805	0.0	0.8333333333333334	0.05555555555555555	0.2222222222222222	0.0	0.0	0.3333333333333333	2.611111111111111	0.9444444444444444	0.448512585812357	0.98989898989899	0.0	0.05555555555555555	0.6888888888888889	0.17777777777777778	0.2	0.4222222222222222	0.05555555555555555	0.2222222222222222	0.6111111111111112	0.2222222222222222	0.0	0.0	0.1111111111111111	0.05555555555555555	0.0	0.06060606060606061	0.030303030303030304	0.1111111111111111	1.2222222222222223	0.3333333333333333	0.006864988558352402	0.725	3.6489007511066327	1.5293144590938708	0.14074074074074072	0.36296296296296293	0.08518518518518518	0.09444444444444444	0.08518518518518518	0.0	0.06481481481481481	de
ep-11-03-10-014-03	en	nonnatives	NN_Germany	25.0	0.009411764705882352	0.009411764705882352	0.0	0.7647058823529411	0.0	0.058823529411764705	0.0	0.0	0.4117647058823529	2.1176470588235294	1.0	0.3905882352941176	0.9764705882352941	0.0	0.35294117647058826	0.7894736842105263	0.15789473684210525	0.13157894736842105	0.39473684210526316	0.0	0.47058823529411764	0.8823529411764706	0.35294117647058826	0.058823529411764705	0.0	0.058823529411764705	0.29411764705882354	0.058823529411764705	0.0	0.017857142857142856	0.23529411764705882	1.0588235294117647	0.29411764705882354	0.01411764705882353	0.8571428571428571	3.768283681056451	1.7152740167801834	0.16722689075630254	0.284593837535014	0.12521008403361344	0.12464985994397759	0.09775910364145657	0.0	0.08291316526610644	de
ep-96-04-16	en	nonnatives	NN_Germany	26.571428571428573	0.06451612903225806	0.0	0.0	0.7142857142857143	0.0	0.0	0.0	0.0	0.42857142857142855	1.7142857142857142	0.7142857142857143	0.3602150537634409	0.9852941176470589	0.0	0.7142857142857143	0.7647058823529411	0.23529411764705882	0.11764705882352941	0.0	0.0	0.14285714285714285	0.42857142857142855	0.14285714285714285	0.14285714285714285	0.14285714285714285	0.0	0.14285714285714285	0.2857142857142857	0.047619047619047616	0.0	0.42857142857142855	1.5714285714285714	0.2857142857142857	0.021505376344086023	0.47368421052631576	3.3532409619366135	1.5354010723575942	0.10714285714285714	0.5297619047619048	0.047619047619047616	0.0	0.047619047619047616	0.017857142857142856	0.10714285714285714	de
ep-96-04-17	en	nonnatives	NN_Germany	13.5	0.1111111111111111	0.0	0.018518518518518517	0.0	0.0	0.25	0.0	0.0	0.5	0.25	0.5	0.3148148148148148	1.0	0.0	0.0	1.0	0.2857142857142857	0.14285714285714285	0.0	0.0	0.25	0.25	0.0	0.0	0.0	0.0	0.25	0.0	0.0	0.0	0.25	1.0	0.25	0.0	0.2222222222222222	2.891281512605042	1.3959033613445377	0.0	0.3333333333333333	0.08333333333333333	0.125	0.08333333333333333	0.125	0.25	de
ep-96-04-19	en	nonnatives	NN_Germany	30.333333333333332	0.018315018315018316	0.0	0.003663003663003663	0.5555555555555556	0.0	0.3333333333333333	0.0	0.0	0.7777777777777778	1.6666666666666667	1.4444444444444444	0.45787545787545786	0.9615384615384616	0.0	0.3333333333333333	0.7916666666666666	0.08333333333333333	0.2916666666666667	0.375	0.0	0.6666666666666666	0.8888888888888888	0.2222222222222222	0.3333333333333333	0.1111111111111111	0.1111111111111111	0.2222222222222222	0.2222222222222222	0.05263157894736842	0.0	0.3333333333333333	1.8888888888888888	0.3333333333333333	0.018315018315018316	0.6111111111111112	3.7365699990845638	2.013544564785035	0.2962962962962963	0.34259259259259256	0.15740740740740738	0.027777777777777776	0.15740740740740738	0.0	0.018518518518518517	de
ep-96-07-17	en	nonnatives	NN_Germany	17.333333333333332	0.057692307692307696	0.038461538461538464	0.0	0.3333333333333333	0.0	0.3333333333333333	0.0	0.0	0.8333333333333334	1.0	1.0	0.3173076923076923	0.9705882352941176	0.0	0.3333333333333333	1.3333333333333333	0.1111111111111111	0.1111111111111111	0.2222222222222222	0.0	0.16666666666666666	0.3333333333333333	0.16666666666666666	0.0	0.16666666666666666	0.0	0.0	0.16666666666666666	0.0	0.0	0.3333333333333333	0.8333333333333334	0.5	0.0	0.38461538461538464	2.9332627865961203	1.4095855379188713	0.027777777777777776	0.47222222222222215	0.05555555555555555	0.05555555555555555	0.05555555555555555	0.0	0.0	de
ep-97-02-18	en	nonnatives	NN_Germany	27.09090909090909	0.06040268456375839	0.006711409395973154	0.003355704697986577	0.8181818181818182	0.09090909090909091	0.5454545454545454	0.0	0.0	0.5454545454545454	1.1818181818181819	0.6363636363636364	0.36577181208053694	0.9396551724137931	0.0	0.2727272727272727	0.7647058823529411	0.35294117647058826	0.029411764705882353	0.23529411764705882	0.0	0.0	0.8181818181818182	0.18181818181818182	0.0	0.18181818181818182	0.09090909090909091	0.0	0.18181818181818182	0.1	0.0	0.45454545454545453	1.9090909090909092	0.09090909090909091	0.010067114093959731	0.4418604651162791	3.5553232121413942	1.4528562346744165	0.1515151515151515	0.253030303030303	0.0	0.17727272727272728	0.0	0.05454545454545454	0.2727272727272727	de
ep-97-07-15	en	nonnatives	NN_Germany	9.0	0.1111111111111111	0.1111111111111111	0.0	0.0	1.0	1.0	0.0	0.0	1.0	0.0	0.0	0.3333333333333333	1.0	0.0	0.0	2.0	0.0	0.0	0.0	0.0	0.0	0.0	0.0	0.0	0.0	0.0	0.0	0.0	0.0	0.0	0.0	0.0	1.0	0.0	0.0	2.857142857142857	0.7142857142857143	0.0	0.0	0.0	0.0	0.0	0.0	0.0	de
ep-97-09-19	en	nonnatives	NN_Germany	39.5	0.05063291139240506	0.0	0.0	0.0	0.0	0.5	0.0	0.0	1.5	3.5	0.0	0.4050632911392405	0.9411764705882353	0.0	1.0	0.75	0.625	0.125	0.125	0.0	0.0	1.5	0.5	0.0	1.0	0.5	0.0	0.0	0.0	0.08333333333333333	0.0	4.5	0.0	0.012658227848101266	0.5454545454545454	4.704761904761905	2.011111111111111	0.25	0.41666666666666663	0.0	0.0	0.0	0.08333333333333333	0.25	de
ep-98-03-10	en	nonnatives	NN_Germany	43.0	0.13953488372093023	0.0	0.0	0.0	0.0	3.0	0.0	0.0	1.0	0.0	0.0	0.23255813953488372	1.0	0.0	0.0	1.0	0.16666666666666666	0.0	0.0	0.0	0.0	2.0	0.0	0.0	0.0	0.0	0.0	0.0	0.0	0.0	1.0	4.0	0.0	0.0	0.1111111111111111	6.073170731707317	2.0	0.0	0.5	0.0	0.3333333333333333	0.0	0.0	0.16666666666666666	de
ep-98-03-11	en	nonnatives	NN_Germany	44.5	0.056179775280898875	0.02247191011235955	0.0	1.0	0.0	0.0	0.0	0.0	1.5	5.0	1.0	0.38202247191011235	0.9714285714285714	0.0	1.0	1.0	0.2857142857142857	0.14285714285714285	0.14285714285714285	0.0	0.5	1.5	0.0	0.0	0.0	0.0	0.0	0.0	0.0	0.0	1.0	4.0	0.0	0.011235955056179775	0.45454545454545453	4.326443768996961	2.13161094224924	0.07142857142857142	0.38095238095238093	0.07142857142857142	0.16666666666666666	0.0	0.07142857142857142	0.23809523809523808	de
ep-98-05-11	en	nonnatives	NN_Germany	7.0	0.14285714285714285	0.0	0.0	0.0	0.0	0.0	0.0	0.0	0.0	0.0	0.0	0.2857142857142857	1.0	0.0	0.0	1.0	0.0	0.0	0.0	0.0	0.0	0.0	0.0	0.0	0.0	0.0	0.0	0.0	0.0	0.0	0.0	0.0	1.0	0.0	0.0	2.2	1.4	0.0	1.0	0.0	0.0	0.0	0.0	0.0	de
ep-98-05-13	en	nonnatives	NN_Germany	24.4	0.04918032786885246	0.0	0.0	0.6	0.0	0.4	0.0	0.0	0.2	0.8	1.2	0.3770491803278688	1.0	0.0	0.4	0.8	0.2	0.0	0.2	0.2	0.4	0.8	0.2	0.0	0.0	0.0	0.0	0.0	0.0	0.14285714285714285	0.2	1.6	0.4	0.00819672131147541	0.42857142857142855	3.8468026538678712	1.5138951628082062	0.0	0.365	0.11499999999999999	0.09	0.11499999999999999	0.025	0.09	de
ep-98-06-17	en	nonnatives	NN_Germany	67.0	0.07462686567164178	0.007462686567164179	0.0	2.5	0.0	0.0	0.0	0.0	0.5	5.0	1.5	0.34328358208955223	0.9387755102040817	0.0	1.5	0.6428571428571429	0.07142857142857142	0.14285714285714285	0.14285714285714285	0.5	0.5	4.5	0.5	0.5	0.5	0.5	0.5	0.0	0.0	0.1111111111111111	0.5	4.0	0.0	0.007462686567164179	0.5	4.406695156695157	2.6816239316239314	0.14285714285714285	0.42857142857142855	0.14285714285714285	0.07142857142857142	0.14285714285714285	0.0	0.07142857142857142	de
ep-98-09-14	en	nonnatives	NN_Germany	5.0	0	0	0	0	0	0	0	0	0	0	0	0	0	0	0	0	0	0	0	0	0	0	0	0	0	0	0	0	0	0	0	0	0	0	0	0	0	0.0	0.0	0.0	0.0	0.0	0.0	0.0	de
ep-98-09-15	en	nonnatives	NN_Germany	39.5	0.11392405063291139	0.0379746835443038	0.0	1.0	0.5	0.5	0.0	0.0	1.0	3.5	2.5	0.3670886075949367	0.9666666666666667	0.0	0.5	0.8888888888888888	0.2222222222222222	0.1111111111111111	0.1111111111111111	0.0	0.0	1.0	0.0	0.0	0.5	0.0	0.0	0.5	0.0	0.18181818181818182	0.0	4.0	0.0	0.0	0.3076923076923077	3.8934362934362934	1.869111969111969	0.0	0.45	0.0	0.1	0.0	0.1	0.35	de
ep-99-01-12	en	nonnatives	NN_Germany	16.333333333333332	0.10204081632653061	0.0	0.0	0.3333333333333333	0.0	0.3333333333333333	0.0	0.0	0.3333333333333333	1.3333333333333333	0.0	0.40816326530612246	1.0	0.0	1.0	1.25	0.0	0.0	0.0	0.0	0.0	0.3333333333333333	0.0	0.0	0.0	0.0	0.0	0.0	0.0	0.0	0.6666666666666666	0.6666666666666666	0.3333333333333333	0.02040816326530612	0.4444444444444444	3.336700336700337	1.2132923437271264	0.1111111111111111	0.5555555555555555	0.0	0.0	0.0	0.0	0.0	de
ep-99-02-12	en	nonnatives	NN_Germany	20.142857142857142	0.07801418439716312	0.0070921985815602835	0.0	0.5714285714285714	0.0	0.2857142857142857	0.0	0.0	0.2857142857142857	0.7142857142857143	1.0	0.3971631205673759	0.9824561403508771	0.0	0.14285714285714285	0.9411764705882353	0.0	0.0	0.058823529411764705	0.14285714285714285	0.14285714285714285	0.8571428571428571	0.14285714285714285	0.0	0.0	0.0	0.2857142857142857	0.2857142857142857	0.0	0.0	0.42857142857142855	1.8571428571428572	0.0	0.0070921985815602835	0.38095238095238093	3.384007191393304	1.4685347823339863	0.028571428571428574	0.5214285714285715	0.07619047619047618	0.0	0.07619047619047618	0.19047619047619047	0.10714285714285714	de
